id,date,homeTeam,awayTeam,h_score,a_score,lc,tc,h_q1,h_q2,h_q3,h_q4,h_pitp,h_fbpts,h_bigld,h_benchpts,h_tmreb,h_tov,h_tmtov,h_ptsofto,a_q1,a_q2,a_q3,a_q4,a_pitp,a_fbpts,a_bigld,a_benchpts,a_tmreb,a_tov,a_tmtov,a_ptsofto,h_fga,h_fgp,h_3pa,h_3pp,h_fta,h_ftp,h_oreb,h_dreb,h_ast,h_stl,h_blk,h_to,h_pf,a_fga,a_fgp,a_3pa,a_3pp,a_fta,a_ftp,a_oreb,a_dreb,a_ast,a_stl,a_blk,a_to,a_pf,h_sa,h_sap,h_dfl,h_olbr,h_dlbr,h_c2s,h_c3s,h_obo,h_dbo,a_sa,a_sap,a_dfl,a_olbr,a_dlbr,a_c2s,a_c3s,a_obo,a_dbo
202200000,"January 2, 2022",MIL,NOP,136,113,6,6,27,37,32,40,24,32,26,31,42,20,25,41,7,13,1,18,44,22,7,46,8,15,0,18,92,53.3,48,47.9,18,83.3,4,44,27,10,4,13,20,95,41.1,51,31.4,30,63.3,14,36,28,10,5,15,16,8,18,22,3,3,26,31,1,17,1,3,14,3,9,22,25,1,12
202200001,"January 2, 2022",DET,SAS,117,116,10,5,20,32,33,20,29,30,22,24,48,4,9,12,10,20,1,19,52,8,17,37,14,16,1,14,101,40.6,35,25.7,33,78.8,22,41,18,12,6,20,23,102,41.2,40,30.0,28,71.4,13,35,30,8,3,16,27,9,19,22,4,6,37,25,2,12,13,28,15,6,5,48,21,3,6
202200002,"January 2, 2022",WAS,CHI,119,120,10,6,32,32,24,31,25,27,34,34,72,9,13,21,3,11,1,14,30,0,3,6,3,15,0,13,87,52.9,27,22.2,26,80.8,6,37,26,9,3,11,22,84,48.8,34,50.0,25,84.0,6,38,17,4,4,15,24,8,16,15,4,5,36,16,2,5,10,24,7,0,2,29,10,1,3
202200003,"January 2, 2022",BKN,LAC,116,120,10,6,30,23,34,29,29,20,31,40,44,5,13,25,6,14,1,17,44,21,10,37,9,10,1,9,97,43.3,33,33.3,25,84.0,17,40,26,9,2,14,20,86,48.8,36,38.9,31,71.0,7,33,23,7,6,10,19,12,30,18,1,3,23,26,5,3,8,17,13,5,2,30,19,0,8
202200004,"January 2, 2022",HOU,DEN,111,124,1,1,31,24,19,37,30,47,22,25,42,4,11,53,5,17,1,26,62,15,31,43,9,18,0,16,85,43.5,42,38.1,24,87.5,13,23,20,10,4,17,24,86,53.5,32,31.3,27,81.5,13,33,33,10,6,18,23,8,22,23,1,3,37,15,1,3,4,8,16,2,1,26,16,1,8
202200005,"January 2, 2022",UTA,GSW,116,123,10,8,24,26,41,25,29,35,22,37,52,8,8,29,11,13,0,25,38,11,16,30,9,15,0,13,92,43.5,44,31.8,28,78.6,15,30,19,7,0,13,21,86,53.5,32,53.1,21,66.7,7,33,39,10,2,15,24,7,16,12,5,4,26,17,6,7,13,34,17,3,6,28,26,2,14
202200006,"January 2, 2022",TOR,NYK,120,105,2,1,30,26,40,24,27,18,29,31,52,20,25,33,14,16,1,18,36,8,1,40,10,17,1,27,86,47.7,34,38.2,30,83.3,11,33,21,9,5,16,27,78,44.9,36,33.3,28,82.1,7,23,22,11,4,17,26,11,31,16,3,4,26,20,4,6,10,23,18,5,4,33,28,1,12
202200007,"January 3, 2022",BOS,ORL,116,111,4,8,28,17,20,35,19,23,35,23,48,20,14,14,8,21,1,21,54,5,14,39,11,14,2,20,86,45.3,36,36.1,28,89.3,9,37,25,5,10,21,23,95,42.1,27,33.3,27,81.5,10,35,17,12,3,14,24,10,23,16,5,3,45,22,4,8,8,18,19,5,3,28,19,1,3
202200008,"January 3, 2022",CLE,IND,108,104,16,15,30,28,30,20,30,26,28,20,58,0,9,45,10,8,3,12,26,4,11,12,7,14,0,14,88,46.6,26,23.1,28,71.4,12,36,26,6,4,8,11,83,44.6,46,41.3,14,78.6,9,30,24,6,6,14,24,6,13,11,4,1,20,21,1,4,8,20,19,1,4,36,10,0,8
202200009,"January 3, 2022",SAC,MIA,115,113,14,7,26,35,29,25,18,39,33,23,46,11,11,48,8,16,0,20,54,6,8,19,6,9,0,12,78,51.3,34,38.2,27,81.5,7,32,31,3,2,16,18,105,43.8,33,27.3,12,100.0,18,31,26,4,3,9,18,13,32,9,2,0,45,25,1,7,8,19,11,8,3,22,25,3,8
202200010,"January 3, 2022",CHA,PHX,99,133,0,3,27,20,27,25,36,37,33,27,56,16,0,53,10,17,1,22,58,21,43,54,9,17,0,15,85,45.9,35,25.7,21,57.1,5,29,27,10,9,17,15,103,50.5,41,41.5,12,100.0,14,39,36,15,4,17,21,7,17,13,4,3,28,17,2,4,10,25,25,2,2,28,20,2,5
202200011,"January 3, 2022",OKC,DAL,86,95,4,3,22,17,25,22,26,25,22,22,46,14,6,26,3,11,0,9,40,4,15,41,10,16,0,14,85,41.2,30,33.3,9,66.7,7,34,20,11,4,11,16,85,44.7,39,35.9,7,71.4,7,41,28,9,3,16,12,5,10,16,5,2,22,24,0,11,9,21,18,5,5,34,18,1,4
202200012,"January 3, 2022",LAL,MIN,108,103,10,9,31,26,21,30,24,30,26,23,32,6,10,25,10,15,3,16,58,7,6,31,6,23,1,21,75,48.0,41,31.7,29,79.3,4,24,20,13,5,15,16,92,44.6,38,23.7,16,75.0,20,36,21,9,2,23,22,8,19,19,3,4,18,24,1,0,8,20,16,2,1,17,24,1,3
202200013,"January 4, 2022",PHI,HOU,133,113,6,4,34,28,41,30,30,33,29,21,48,16,26,43,5,12,2,15,44,25,4,43,7,11,0,19,96,52.1,40,42.5,17,94.1,12,42,33,7,7,12,21,89,41.6,44,34.1,33,72.7,11,31,25,6,4,11,16,12,31,14,0,0,13,11,0,3,4,10,18,1,2,15,7,0,2
202200014,"January 4, 2022",WAS,CHA,124,121,11,6,38,18,28,40,25,39,26,31,46,4,13,26,7,15,0,28,56,10,14,20,7,8,1,8,87,46.0,38,42.1,31,90.3,10,41,26,5,4,15,12,104,48.1,38,36.8,13,53.8,13,32,28,14,5,8,22,5,12,8,4,4,43,22,4,5,17,40,19,3,6,30,24,1,6
202200015,"January 4, 2022",BKN,MEM,104,118,0,0,24,23,26,31,29,27,40,22,52,21,0,42,9,12,1,18,64,13,28,42,10,12,1,13,82,45.1,31,29.0,26,80.8,8,25,28,10,10,12,20,102,47.1,35,28.6,21,57.1,23,38,24,11,5,12,21,7,16,22,3,5,35,18,2,7,14,30,18,3,4,29,19,5,4
202200016,"January 4, 2022",CHI,ORL,102,98,3,2,15,30,24,33,21,19,26,32,34,8,9,23,7,13,0,13,42,8,11,33,6,13,0,17,86,43.0,31,35.5,23,73.9,10,39,17,10,4,13,16,85,42.4,27,37.0,18,88.9,5,39,24,5,2,13,17,21,49,15,3,6,34,20,0,8,11,24,8,1,2,38,21,0,5
202200017,"January 4, 2022",MIL,DET,106,115,12,9,30,34,21,21,28,33,26,28,52,11,6,19,6,8,0,14,44,16,13,35,10,13,1,16,92,42.4,46,23.9,22,77.3,11,36,21,9,2,8,12,91,48.4,43,41.9,14,64.3,9,38,31,6,1,13,21,2,4,21,4,5,24,27,1,10,8,20,18,4,6,28,27,1,15
202200018,"January 4, 2022",NOP,UTA,104,115,6,8,24,25,28,27,23,29,30,33,50,8,6,32,12,10,0,14,38,0,15,28,11,14,1,19,97,40.2,46,26.1,22,63.6,17,30,21,7,5,10,21,85,48.2,39,48.7,17,82.4,10,33,22,6,4,14,24,10,23,12,3,1,25,22,4,5,9,21,7,0,0,22,19,3,7
202200019,"January 4, 2022",DAL,DEN,103,89,4,0,24,22,23,34,20,17,26,26,34,2,17,34,2,11,0,14,44,10,2,27,12,25,1,28,78,44.9,37,37.8,21,90.5,5,23,23,12,5,11,21,67,46.3,25,24.0,29,72.4,11,36,21,6,1,25,24,8,17,16,1,6,29,15,1,2,1,2,14,3,3,18,22,4,4
202200020,"January 4, 2022",GSW,MIA,115,108,5,2,33,26,30,26,25,29,28,26,58,27,13,59,4,12,0,12,32,6,3,28,8,18,1,26,92,48.9,38,36.8,13,84.6,7,36,39,11,6,12,17,90,41.1,42,40.5,19,89.5,11,38,24,5,2,18,13,15,37,15,2,3,36,28,1,10,7,18,11,4,3,23,17,3,8
202200021,"January 4, 2022",POR,ATL,136,131,12,8,36,34,30,36,32,33,40,26,48,11,13,22,5,9,1,15,62,24,5,23,4,12,1,22,89,52.8,41,43.9,28,85.7,12,29,29,10,3,9,19,88,54.5,41,34.1,24,87.5,9,30,31,6,1,12,24,12,32,11,2,2,15,22,0,6,6,17,11,3,2,21,18,0,1
202200022,"January 4, 2022",LAC,MIN,104,122,4,2,21,25,19,39,26,38,21,37,42,4,2,62,9,20,1,31,64,14,27,51,6,17,0,24,78,50.0,32,34.4,17,88.2,4,27,22,12,3,20,10,93,52.7,45,35.6,9,88.9,11,29,34,9,4,17,14,3,6,15,2,4,26,25,2,4,6,13,15,3,3,25,21,2,4
202200023,"January 5, 2022",CLE,MEM,106,110,11,11,30,25,20,31,27,30,19,34,56,7,11,26,9,11,2,14,58,17,6,39,7,9,0,14,92,43.5,34,29.4,21,76.2,14,35,28,2,6,11,14,90,46.7,27,33.3,22,77.3,12,33,21,6,8,9,18,8,17,9,2,1,29,12,2,1,10,20,16,3,0,21,11,1,2
202200024,"January 5, 2022",TOR,SAS,129,104,1,6,30,38,29,32,29,24,28,23,42,25,31,32,5,12,0,13,60,10,7,47,12,20,0,26,96,46.9,44,40.9,29,72.4,16,36,30,13,8,12,20,95,43.2,35,25.7,19,68.4,17,33,27,6,3,20,23,9,21,17,2,2,37,20,1,10,7,16,11,1,3,31,24,2,18
202200025,"January 5, 2022",NYK,IND,104,94,6,7,32,23,29,20,25,30,22,17,54,2,12,24,8,9,1,13,38,5,8,32,10,10,2,14,80,48.7,28,21.4,28,71.4,14,37,17,6,0,9,23,76,42.1,38,23.7,32,65.6,9,26,22,3,3,10,20,7,16,13,4,3,27,21,3,13,7,14,12,3,1,35,17,1,7
202200026,"January 5, 2022",NOP,PHX,110,123,0,0,31,23,30,26,42,22,31,28,50,17,0,17,6,12,0,14,34,15,16,26,6,10,1,10,89,40.4,33,30.3,32,87.5,15,33,28,7,3,12,21,85,54.1,31,54.8,20,70.0,5,37,32,7,5,10,24,4,9,11,5,3,33,18,2,6,15,34,8,1,1,41,23,1,9
202200027,"January 5, 2022",LAL,SAC,122,114,23,12,26,31,28,37,31,28,24,31,62,7,8,41,7,5,0,10,46,6,7,48,5,18,0,21,99,49.5,32,34.4,20,65.0,14,30,24,6,5,5,16,83,51.8,34,41.2,18,77.8,9,36,31,2,3,18,18,8,17,9,0,1,23,15,2,7,7,15,11,1,0,42,21,1,7
202200028,"January 6, 2022",CHA,DET,140,111,0,2,37,28,35,40,19,32,24,36,46,22,36,69,6,17,0,23,48,20,0,50,9,13,0,27,81,59.3,42,57.1,29,69.0,8,41,39,6,3,17,21,92,46.7,42,33.3,20,55.0,9,27,26,12,3,13,21,10,28,19,6,5,32,27,2,4,5,14,20,2,7,21,32,2,6
202200029,"January 6, 2022",ORL,PHI,106,116,9,3,33,26,30,17,33,29,26,28,44,13,11,24,9,19,0,28,50,12,11,23,6,15,2,18,90,44.4,39,30.8,20,70.0,14,33,22,9,3,19,30,85,50.6,28,42.9,24,75.0,10,32,26,8,4,15,16,16,37,19,4,2,31,16,4,2,10,22,15,4,5,30,21,3,10
202200030,"January 6, 2022",WAS,HOU,111,114,6,6,26,29,28,28,29,25,32,28,52,4,4,21,9,15,0,9,62,4,12,29,10,20,1,24,91,44.0,39,25.6,26,80.8,9,32,18,9,6,15,27,85,47.1,26,34.6,32,78.1,10,38,15,10,2,20,24,10,22,17,3,2,37,19,0,4,9,21,16,2,2,27,22,2,11
202200031,"January 6, 2022",BOS,SAS,97,99,11,9,30,26,21,20,30,28,22,19,48,6,4,24,4,8,2,11,40,10,6,22,4,17,1,8,90,44.4,28,32.1,9,88.9,13,28,19,10,9,8,12,88,47.7,26,38.5,5,100.0,12,36,20,6,5,17,13,14,31,15,6,5,45,21,1,13,15,31,14,5,5,45,19,1,8
202200032,"January 6, 2022",IND,BKN,121,129,7,3,37,36,28,20,32,28,34,35,46,13,19,40,8,15,2,21,60,17,12,36,4,11,1,12,82,50.0,39,33.3,28,92.9,7,26,26,3,5,15,19,86,57.0,21,23.8,29,89.7,9,29,28,13,4,11,20,12,29,10,4,0,31,10,1,4,5,11,16,1,6,28,23,2,6
202200033,"January 6, 2022",DAL,GSW,99,82,11,8,21,29,20,29,21,18,28,15,36,6,17,31,11,12,0,9,54,7,7,32,9,16,1,14,87,37.9,40,30.0,26,80.8,10,36,22,6,5,12,15,81,40.7,28,17.9,16,68.8,8,38,20,10,5,16,20,5,11,16,2,4,20,14,2,11,3,7,9,1,3,25,25,1,3
202200034,"January 6, 2022",MIL,TOR,111,117,3,4,42,35,11,23,35,33,24,25,32,1,14,34,11,17,1,22,32,13,15,15,10,14,1,14,85,44.7,39,43.6,26,69.2,9,36,22,10,8,17,18,89,47.2,36,44.4,25,68.0,10,34,24,8,4,14,20,1,2,18,6,5,35,24,1,12,6,14,21,8,6,31,21,0,14
202200035,"January 6, 2022",MIN,OKC,98,90,0,2,30,19,20,29,10,26,27,27,42,9,21,28,7,16,0,20,46,19,0,35,6,17,1,17,90,40.0,44,27.3,20,70.0,15,40,23,11,7,16,16,90,36.7,35,25.7,18,83.3,14,38,21,11,7,17,18,11,25,17,5,2,23,16,0,2,3,7,11,2,3,25,31,0,2
202200036,"January 6, 2022",DEN,UTA,109,115,8,5,26,30,22,31,26,31,31,27,56,6,3,35,8,12,0,12,58,4,13,34,5,7,0,6,88,47.7,36,30.6,15,93.3,6,36,27,2,4,12,21,92,46.7,41,34.1,18,83.3,8,36,22,7,4,7,18,8,19,14,0,1,28,25,1,4,11,24,8,2,2,25,18,1,2
202200037,"January 6, 2022",POR,MIA,109,115,3,2,23,24,33,29,30,28,25,32,32,12,2,22,9,5,1,8,34,11,19,44,10,11,0,12,78,42.3,38,39.5,36,77.8,8,28,18,8,4,5,23,82,45.1,41,46.3,29,75.9,14,36,29,3,3,11,21,12,29,11,3,2,23,18,0,5,12,33,16,4,0,17,17,1,4
202200038,"January 6, 2022",SAC,ATL,102,108,2,6,24,21,30,27,33,21,24,30,46,9,3,27,7,11,0,15,52,13,9,34,10,10,0,14,90,42.2,27,40.7,20,75.0,10,37,15,6,1,11,20,86,45.3,30,26.7,30,73.3,10,38,20,8,5,10,14,11,28,14,5,1,34,15,1,8,7,14,12,2,1,39,14,0,7
202200039,"January 7, 2022",NYK,BOS,108,105,3,3,18,29,30,31,25,38,21,21,32,7,3,22,12,8,3,18,32,12,25,26,6,12,1,17,90,44.4,36,50.0,15,66.7,11,31,23,8,1,8,17,80,47.5,45,37.8,13,92.3,8,30,22,5,10,12,16,14,35,24,3,5,20,20,4,10,11,27,12,5,6,32,18,4,5
202200040,"January 7, 2022",MEM,DET,118,88,2,4,32,30,28,28,18,28,22,20,70,21,31,51,18,18,1,21,42,11,2,50,7,11,2,15,98,49.0,32,31.3,19,63.2,18,43,31,8,9,18,18,99,34.3,44,22.7,13,76.9,10,29,23,7,3,11,14,10,21,22,8,4,41,31,3,9,6,16,20,3,2,47,23,3,12
202200041,"January 7, 2022",NOP,GSW,101,96,10,5,16,31,28,26,22,24,26,24,44,15,10,27,8,17,0,22,50,7,11,49,10,14,0,7,83,42.2,34,23.5,29,79.3,8,38,20,7,5,17,18,87,42.5,33,21.2,18,83.3,8,35,22,12,6,14,24,9,19,18,2,2,31,20,1,4,9,21,26,1,1,25,21,0,6
202200042,"January 7, 2022",PHX,LAC,106,89,5,1,21,35,19,31,20,20,26,23,52,7,19,30,3,8,0,4,28,12,7,21,9,12,1,18,107,41.1,31,32.3,10,80.0,21,42,22,5,7,8,20,86,36.0,28,21.4,25,84.0,8,41,20,5,7,12,16,6,13,9,6,2,42,21,3,7,4,10,11,4,4,48,25,2,11
202200043,"January 8, 2022",PHI,SAS,119,100,0,0,39,32,26,22,19,34,27,20,58,18,21,23,7,13,0,11,46,6,0,31,12,12,0,16,87,51.7,23,34.8,27,77.8,12,37,28,7,4,13,18,92,41.3,30,30.0,20,75.0,11,28,22,6,6,12,21,10,21,21,6,4,29,22,3,10,15,33,20,6,4,38,16,2,5
202200044,"January 8, 2022",BKN,MIL,109,121,0,2,21,28,31,29,29,31,38,23,62,14,0,40,3,10,1,6,42,12,24,20,10,10,1,12,92,45.7,27,22.2,20,95.0,14,35,23,8,5,10,16,96,45.8,45,35.6,21,81.0,13,32,21,6,3,10,20,3,6,18,3,3,24,29,2,11,10,26,13,5,2,28,15,1,3
202200045,"January 8, 2022",TOR,UTA,122,108,6,2,25,24,45,28,40,22,30,16,52,21,16,25,9,7,2,9,38,13,17,23,10,21,0,28,100,45.0,41,29.3,25,80.0,19,29,26,11,7,7,17,81,48.1,38,44.7,18,72.2,7,33,23,3,4,21,21,13,30,18,2,5,29,28,1,5,4,9,7,3,3,35,24,0,14
202200046,"January 8, 2022",CHI,WAS,130,122,10,6,37,36,34,23,32,34,29,27,48,24,19,52,4,15,0,19,60,25,3,29,3,15,0,20,91,52.7,33,45.5,21,90.5,10,31,34,11,3,15,21,88,51.1,24,29.2,26,96.2,10,31,28,8,5,15,15,12,28,17,4,6,37,18,1,10,17,37,13,5,3,37,27,2,10
202200047,"January 8, 2022",HOU,DAL,106,130,1,0,23,37,26,20,43,37,30,20,48,15,4,43,6,13,0,18,54,11,31,67,12,14,2,12,87,42.5,43,27.9,29,69.0,7,33,17,6,3,13,20,90,54.4,38,44.7,28,53.6,11,44,34,6,4,14,24,6,13,13,2,2,17,20,1,10,10,27,10,3,2,24,25,1,4
202200048,"January 8, 2022",OKC,MIN,105,135,11,3,28,29,23,25,32,41,30,32,38,8,4,52,6,19,1,34,56,12,41,45,9,15,0,20,89,40.4,44,34.1,23,78.3,13,32,26,10,4,19,23,90,55.6,41,41.5,25,72.0,8,37,39,12,8,15,18,5,11,19,4,2,23,30,1,8,14,35,17,3,4,34,20,0,7
202200049,"January 8, 2022",DEN,SAC,121,111,3,2,35,31,30,25,23,31,31,26,70,16,21,42,8,7,1,16,44,10,4,44,7,11,1,18,85,55.3,34,35.3,24,62.5,5,36,32,5,7,7,20,92,43.5,29,37.9,24,83.3,12,35,21,6,3,11,19,11,28,11,3,1,27,16,1,7,11,26,13,5,1,20,21,1,1
202200050,"January 8, 2022",LAL,ATL,134,118,2,0,34,30,37,33,28,33,26,31,54,24,21,40,5,8,0,13,56,10,1,48,8,15,0,28,101,49.5,41,41.5,19,89.5,8,39,37,14,4,8,26,96,44.8,36,36.1,27,70.4,13,41,29,3,0,15,18,9,21,14,0,1,27,24,0,13,7,16,6,0,1,32,31,4,5
202200051,"January 8, 2022",POR,CLE,101,114,7,5,21,26,31,23,24,33,25,32,38,12,3,29,9,11,1,19,38,12,15,39,11,8,1,11,92,40.2,35,45.7,19,57.9,16,35,22,8,5,11,19,80,48.7,39,43.6,29,65.5,8,35,22,7,3,8,15,5,13,15,6,3,20,24,2,5,7,19,13,1,5,43,22,2,4
202200052,"January 8, 2022",LAC,MEM,108,123,6,3,36,20,28,24,28,38,28,29,46,17,12,37,7,12,1,23,58,15,25,45,13,9,1,9,96,40.6,32,31.3,24,83.3,14,35,16,7,6,12,23,100,44.0,38,31.6,31,74.2,16,40,26,9,11,9,21,7,16,19,2,7,38,25,5,14,12,28,18,6,4,43,25,2,14
202200053,"January 9, 2022",CHA,MIL,114,106,2,0,27,20,42,25,29,12,34,31,46,18,17,33,10,10,1,14,36,14,11,5,7,15,0,21,99,44.4,48,33.3,17,58.8,13,36,29,10,3,10,25,90,38.9,37,32.4,26,92.3,14,39,21,6,4,15,20,5,11,22,3,2,26,13,2,5,4,9,17,1,2,22,22,1,5
202200054,"January 9, 2022",DET,ORL,97,92,4,3,31,21,21,24,26,19,28,19,52,15,10,41,9,12,1,13,28,9,3,29,12,12,1,13,87,43.7,33,30.3,16,68.8,7,42,23,7,6,12,21,86,33.7,46,30.4,23,87.0,8,36,25,6,9,12,20,8,19,13,1,4,28,24,1,7,5,11,11,1,3,32,17,0,5
202200055,"January 9, 2022",IND,UTA,125,113,3,3,33,28,29,35,27,25,34,27,46,14,16,37,11,10,0,14,42,11,6,31,2,14,1,16,80,55.0,29,48.3,32,71.9,5,33,30,9,7,10,21,84,47.6,35,42.9,19,94.7,9,30,20,6,3,14,25,11,27,13,4,4,23,25,0,4,17,40,12,2,1,25,16,1,6
202200056,"January 9, 2022",BOS,NYK,99,75,4,6,21,23,32,23,26,16,18,15,42,7,24,33,5,10,2,13,24,3,10,6,11,12,2,21,76,47.4,29,41.4,17,88.2,9,36,26,8,8,10,15,79,36.7,31,35.5,15,40.0,11,29,13,8,4,12,15,12,28,12,3,1,38,11,4,7,10,22,14,1,3,27,19,4,11
202200057,"January 9, 2022",PHX,MIA,100,123,3,3,29,21,29,21,33,38,27,25,28,17,6,30,9,15,1,17,38,11,27,65,5,14,2,24,79,38.0,34,41.2,29,89.7,6,29,24,10,1,15,14,88,50.0,44,50.0,15,86.7,11,38,33,9,1,14,18,4,8,20,0,2,24,18,3,8,14,37,14,1,4,22,23,2,6
202200058,"January 9, 2022",BKN,SAS,121,119,8,12,32,28,31,22,32,19,38,24,64,20,14,32,10,21,1,29,60,6,7,42,10,15,0,10,98,48.0,28,28.6,22,86.4,13,42,26,8,8,21,18,107,43.0,32,40.6,18,77.8,12,32,33,12,8,15,19,8,18,16,5,4,45,20,2,7,10,23,21,3,3,36,22,1,2
202200059,"January 9, 2022",LAC,ATL,106,93,3,1,31,28,27,20,23,30,20,20,50,10,19,40,5,12,1,9,40,16,6,26,4,13,0,12,92,47.8,33,36.4,7,85.7,13,34,24,5,4,12,18,78,44.9,26,26.9,19,84.2,6,33,19,6,2,13,14,13,28,17,6,3,33,17,3,16,8,17,14,5,3,44,22,2,10
202200060,"January 10, 2022",ORL,WAS,100,102,6,5,26,23,22,29,20,22,25,35,38,13,10,43,10,7,1,5,36,9,10,21,9,12,1,13,95,40.0,28,32.1,16,93.8,9,33,18,9,6,7,21,88,40.9,29,37.9,24,79.2,12,42,23,1,6,12,21,16,35,23,2,1,33,22,3,5,12,26,5,3,3,47,18,6,10
202200061,"January 10, 2022",TOR,NOP,105,101,10,7,27,22,30,26,26,22,29,24,36,21,11,19,4,12,1,18,36,14,3,27,10,13,0,14,85,42.4,34,41.2,20,95.0,15,31,18,8,3,12,20,75,45.3,33,36.4,25,84.0,7,28,20,5,5,13,18,8,20,22,3,4,27,23,2,5,7,16,14,3,3,30,16,1,11
202200062,"January 10, 2022",HOU,MIN,123,141,7,0,26,28,34,35,36,39,36,30,64,18,1,59,13,12,1,18,74,31,26,32,6,11,0,11,97,47.4,43,32.6,28,60.7,10,35,31,5,6,12,17,108,50.9,42,35.7,21,76.2,18,38,37,10,10,11,22,10,23,13,5,5,25,26,1,5,11,28,16,4,3,39,25,2,5
202200063,"January 10, 2022",OKC,DEN,95,99,4,5,23,26,29,17,36,25,19,19,52,13,5,48,5,9,0,8,46,7,18,45,9,15,0,14,88,43.2,38,23.7,12,83.3,11,30,29,9,7,9,13,89,41.6,36,36.1,16,75.0,18,35,28,7,2,15,14,3,6,18,2,4,19,17,1,2,3,7,16,3,1,14,15,1,1
202200064,"January 10, 2022",DAL,CHI,113,99,14,7,22,32,29,30,32,23,24,20,48,13,18,34,3,9,1,10,42,11,11,28,8,7,0,11,88,50.0,36,44.4,9,100.0,7,41,28,4,2,9,14,90,43.3,33,33.3,13,76.9,8,31,23,8,3,7,15,9,19,7,2,2,34,12,0,8,6,13,11,0,2,24,16,1,6
202200065,"January 10, 2022",GSW,CLE,96,82,1,1,24,27,28,17,21,25,14,22,50,22,24,35,6,14,1,11,48,9,4,24,8,18,1,25,97,40.2,42,23.8,10,80.0,22,32,24,16,5,14,20,75,42.7,24,29.2,18,61.1,8,34,21,9,3,18,10,10,24,22,5,6,23,12,4,7,10,23,17,3,3,30,19,1,6
202200066,"January 10, 2022",POR,SAC,103,88,0,0,27,26,29,21,21,19,27,21,34,12,20,24,11,16,1,10,42,14,0,22,7,12,0,14,88,42.0,40,42.5,15,80.0,10,38,26,6,5,16,23,85,38.8,31,22.6,21,71.4,8,38,20,8,5,12,17,11,25,11,3,2,33,16,1,7,5,10,12,3,3,29,15,2,3
202200067,"January 10, 2022",LAL,MEM,119,127,5,6,27,25,31,36,27,38,42,20,56,10,4,62,7,12,0,19,62,25,29,44,10,12,2,11,97,46.4,33,42.4,19,78.9,14,27,26,6,7,12,25,86,54.7,30,36.7,32,68.8,10,37,33,10,10,12,22,5,11,11,1,3,33,16,4,7,9,19,19,3,1,43,17,1,4
202200068,"January 11, 2022",CHA,MIL,103,99,20,8,28,19,36,20,19,29,26,25,44,15,15,16,6,14,0,11,40,9,7,10,9,20,0,13,96,39.6,44,29.5,16,87.5,13,35,23,12,3,14,16,84,44.0,43,30.2,16,75.0,7,41,25,7,2,20,17,6,15,23,1,6,27,30,2,14,3,8,17,2,4,37,28,4,14
202200069,"January 11, 2022",DET,UTA,126,116,5,5,21,27,40,38,35,26,23,32,44,9,10,47,5,11,1,12,64,8,22,32,9,16,0,27,93,51.6,37,51.4,12,91.7,9,30,30,9,7,11,20,86,51.2,33,33.3,22,77.3,10,30,23,9,4,16,16,6,14,12,2,5,29,21,0,7,14,31,9,2,2,29,24,1,1
202200070,"January 11, 2022",BOS,IND,101,98,8,7,23,19,26,21,17,22,21,29,48,15,12,23,6,20,0,18,36,14,4,50,12,17,3,18,88,39.8,28,28.6,28,82.1,12,41,17,10,6,20,19,94,38.3,37,29.7,17,88.2,10,37,22,10,6,17,21,5,11,19,1,3,39,24,1,2,11,26,16,1,3,30,20,2,2
202200071,"January 11, 2022",NYK,SAS,111,96,4,12,23,28,31,29,26,23,26,21,34,6,25,31,10,15,0,16,48,7,8,30,7,10,0,18,82,48.8,32,40.6,24,75.0,9,40,23,7,9,15,22,95,41.1,29,27.6,15,66.7,13,30,19,7,7,10,18,12,27,12,2,4,45,21,2,10,12,25,12,2,2,26,13,1,8
202200072,"January 11, 2022",HOU,PHI,91,111,1,2,27,23,22,19,36,26,29,20,28,11,3,34,16,20,1,29,56,13,27,40,8,14,1,12,77,39.0,42,31.0,27,66.7,7,32,18,8,7,20,11,94,45.7,35,28.6,18,83.3,14,33,23,14,7,14,21,6,13,19,4,3,29,17,0,3,8,20,27,2,3,25,16,2,0
202200073,"January 11, 2022",POR,BKN,114,108,16,6,33,22,32,27,26,36,19,27,38,15,9,23,10,13,2,16,48,18,9,47,6,15,0,14,86,46.5,38,39.5,26,73.1,11,36,23,8,9,13,17,91,46.2,32,37.5,15,80.0,12,30,23,9,6,15,22,10,25,8,4,5,39,15,1,4,4,11,13,1,3,26,22,0,4
202200074,"January 11, 2022",SAC,CLE,108,109,4,4,22,27,30,29,28,34,22,25,44,8,5,49,9,10,2,16,48,8,13,38,4,16,1,18,91,42.9,30,46.7,22,72.7,15,28,20,10,3,10,16,87,49.4,34,29.4,15,86.7,14,34,29,6,8,16,18,12,28,16,5,1,24,21,1,3,7,17,11,2,2,40,22,2,6
202200075,"January 12, 2022",WAS,OKC,122,118,16,15,30,28,36,28,31,30,32,25,64,9,10,37,8,8,0,10,64,2,8,42,8,5,0,7,87,54.0,33,33.3,23,73.9,7,35,29,3,7,8,15,98,48.0,39,28.2,15,86.7,9,32,23,5,1,5,20,8,17,11,0,3,36,21,3,5,18,38,9,2,0,27,23,1,7
202200076,"January 12, 2022",TOR,PHX,95,99,10,15,31,17,23,24,23,23,23,30,48,10,11,21,12,14,2,17,34,12,6,21,8,20,0,18,89,40.4,37,21.6,25,60.0,22,25,15,11,3,14,20,74,47.3,32,34.4,22,81.8,10,29,25,10,2,20,23,6,15,13,5,0,27,18,1,8,7,17,18,2,3,34,19,4,7
202200077,"January 12, 2022",CHI,DET,133,87,8,4,28,33,36,36,27,25,14,21,52,28,47,57,6,17,1,24,46,15,8,39,3,18,0,27,92,54.3,34,52.9,19,78.9,14,47,33,13,4,17,23,89,33.7,35,17.1,27,77.8,15,26,17,9,7,18,20,12,28,18,2,3,27,21,1,5,5,11,13,6,5,37,16,6,3
202200078,"January 12, 2022",MEM,GSW,116,108,7,5,28,31,28,29,24,27,39,18,58,25,18,38,10,11,0,6,40,14,8,48,7,16,1,26,100,44.0,34,41.2,18,77.8,11,38,30,11,8,11,18,82,42.7,36,36.1,29,86.2,4,41,25,8,5,16,19,9,20,17,2,6,29,24,2,6,8,20,16,6,5,39,17,1,7
202200079,"January 12, 2022",NOP,MIN,128,125,19,14,35,30,32,31,36,23,30,36,48,28,13,36,15,20,1,35,44,8,3,35,10,13,0,14,76,55.3,33,48.5,37,75.7,9,29,33,6,1,20,26,86,48.8,39,46.2,31,74.2,9,23,27,11,4,13,24,4,9,10,7,0,32,25,1,9,8,20,14,4,4,27,14,0,4
202200080,"January 12, 2022",LAC,DEN,87,85,5,7,16,12,27,32,18,23,25,19,36,13,5,36,7,9,0,12,48,13,25,19,10,19,1,22,84,40.5,34,29.4,12,75.0,3,28,23,12,4,9,22,80,40.0,33,12.1,20,85.0,13,43,24,4,2,19,19,7,15,12,1,5,21,23,0,2,4,8,17,1,2,28,25,3,11
202200081,"January 13, 2022",IND,BOS,100,119,0,1,25,24,22,29,35,19,33,32,56,9,0,30,13,11,1,7,36,16,24,16,8,11,2,13,86,46.5,36,19.4,20,65.0,11,26,27,6,5,11,24,78,51.3,38,47.4,25,84.0,7,30,23,6,5,11,22,8,17,14,4,2,31,28,3,3,10,25,12,5,2,25,22,7,8
202200082,"January 13, 2022",PHI,CHA,98,109,10,3,35,15,26,22,34,30,21,24,34,14,3,30,16,16,1,23,56,25,20,17,2,10,2,12,73,46.6,30,40.0,28,64.3,3,30,18,3,3,16,13,89,51.7,34,29.4,8,87.5,7,35,29,9,3,10,21,5,13,11,4,2,18,9,2,1,9,20,21,0,4,20,12,0,2
202200083,"January 13, 2022",WAS,ORL,112,106,0,0,33,19,32,28,16,27,29,34,58,10,20,45,4,10,0,9,50,2,0,33,10,9,0,15,82,52.4,31,32.3,21,76.2,6,36,26,6,4,10,14,99,41.4,35,31.4,16,81.3,18,31,31,6,6,9,16,12,25,9,2,3,37,16,0,3,10,25,8,5,3,34,19,3,13
202200084,"January 13, 2022",ATL,MIA,91,115,7,4,27,24,16,24,21,35,30,29,32,17,11,35,10,14,0,13,46,13,24,55,5,14,1,19,82,37.8,45,28.9,23,69.6,6,31,20,8,3,14,15,90,47.8,45,35.6,14,92.9,10,44,28,7,4,14,20,6,13,15,3,7,26,28,0,9,9,20,12,3,3,23,26,2,16
202200085,"January 13, 2022",NYK,DAL,108,85,2,0,30,26,28,24,21,24,21,19,50,8,25,17,6,9,0,11,38,9,1,30,4,13,0,11,90,46.7,27,44.4,15,80.0,11,43,24,5,4,9,21,78,41.0,37,21.6,19,68.4,5,34,16,6,2,13,18,10,23,17,4,4,21,17,2,6,5,10,7,6,2,26,15,0,8
202200086,"January 13, 2022",SAS,HOU,124,128,12,7,36,31,23,34,39,24,28,37,46,26,9,53,9,9,0,15,54,14,12,29,9,14,0,26,99,43.4,46,37.0,27,77.8,9,34,27,10,5,9,24,82,54.9,36,44.4,32,68.8,4,44,23,5,7,14,24,8,19,18,3,2,30,25,2,2,9,22,15,4,1,31,24,1,1
202200087,"January 13, 2022",UTA,CLE,91,111,0,2,24,28,16,23,27,31,30,23,36,5,0,45,5,7,0,4,60,12,25,30,9,13,2,15,85,40.0,47,34.0,11,63.6,4,28,11,7,2,7,16,81,53.1,30,36.7,17,82.4,7,43,28,6,3,13,17,9,23,12,2,2,26,17,0,3,4,9,7,3,3,31,26,1,2
202200088,"January 13, 2022",CHI,BKN,112,138,5,5,31,29,19,33,38,24,39,37,42,9,5,48,9,17,0,28,48,19,38,48,7,9,1,12,81,46.9,30,36.7,31,80.6,10,25,22,5,6,17,20,87,56.3,32,53.1,28,82.1,7,34,35,11,4,9,21,7,15,9,2,1,27,21,0,0,6,14,13,2,4,31,19,1,3
202200089,"January 13, 2022",SAC,LAL,125,116,7,8,29,32,40,24,34,33,23,26,70,23,13,29,8,12,1,20,42,15,14,44,9,9,0,17,89,55.1,30,36.7,19,84.2,8,37,28,8,7,12,20,98,42.9,47,34.0,24,66.7,15,30,25,6,3,9,19,9,18,9,2,0,33,25,0,2,4,12,11,2,1,25,11,3,7
202200090,"January 14, 2022",MIL,GSW,118,99,0,1,37,40,20,21,21,17,34,27,40,19,39,24,5,16,1,14,28,4,0,53,9,15,0,19,86,51.2,41,43.9,18,66.7,5,49,29,10,7,16,16,95,34.7,48,33.3,24,70.8,12,37,20,9,2,15,15,2,6,20,3,3,21,16,0,4,15,39,21,2,1,19,14,2,3
202200091,"January 14, 2022",MEM,MIN,116,108,9,8,25,28,37,26,31,29,24,24,66,22,10,48,9,13,1,9,38,8,9,13,8,15,3,23,92,45.7,32,25.0,35,68.6,16,40,22,10,7,13,15,96,42.7,48,31.3,14,78.6,12,34,23,4,8,15,26,2,4,22,0,4,26,32,4,8,14,35,16,5,2,32,17,0,3
202200092,"January 14, 2022",NOP,LAC,113,89,0,1,28,25,34,26,15,19,29,26,50,16,28,32,1,6,0,4,28,10,0,55,6,15,0,23,97,44.3,39,35.9,16,81.3,13,44,23,8,4,6,18,81,38.3,34,29.4,20,85.0,5,41,19,2,7,15,16,10,23,17,3,2,27,28,0,5,5,11,8,3,1,31,24,0,6
202200093,"January 14, 2022",BKN,OKC,109,130,1,2,26,25,32,26,38,32,30,30,56,13,5,56,6,12,0,21,48,16,23,42,11,10,1,9,98,41.8,32,21.9,22,90.9,21,29,16,7,11,12,19,91,51.6,45,44.4,18,88.9,9,29,32,8,7,10,19,14,31,17,5,5,35,29,6,2,5,11,13,4,5,47,24,0,6
202200094,"January 14, 2022",DEN,POR,140,108,3,7,41,31,29,39,28,27,25,28,58,12,37,66,10,15,1,17,46,19,3,39,10,15,0,23,83,62.7,42,50.0,20,75.0,6,34,35,7,3,15,25,86,45.3,40,32.5,28,60.7,11,23,28,11,5,15,18,6,14,16,1,0,17,19,3,7,8,21,15,2,2,21,21,1,3
202200095,"January 15, 2022",CHA,ORL,109,116,22,10,36,27,28,18,35,26,27,28,52,22,8,19,11,16,1,27,60,11,13,55,9,19,1,25,97,41.2,42,28.6,21,81.0,11,33,28,9,5,16,20,87,51.7,45,33.3,15,73.3,4,39,32,9,4,19,18,6,13,19,3,2,20,23,1,1,5,11,12,5,2,23,23,2,9
202200096,"January 15, 2022",DET,TOR,103,87,0,1,31,25,27,20,27,16,23,21,52,8,21,46,10,8,0,10,34,5,0,16,13,11,0,17,81,46.9,27,29.6,23,82.6,9,34,22,7,6,8,25,87,32.2,38,28.9,26,76.9,16,30,18,5,4,11,24,4,9,14,6,2,34,29,2,17,3,8,10,4,3,36,19,0,2
202200097,"January 15, 2022",IND,PHX,94,112,2,10,19,19,38,18,23,23,34,32,38,9,3,26,9,12,0,19,42,11,19,26,7,14,1,16,88,38.6,43,30.2,18,72.2,9,33,20,9,7,12,20,88,45.5,28,39.3,23,91.3,12,39,24,8,6,14,18,11,26,18,4,5,40,20,1,6,14,32,20,2,2,25,20,3,7
202200098,"January 15, 2022",PHI,BOS,111,99,1,0,32,23,28,28,14,21,31,33,38,18,22,21,7,9,1,16,42,16,6,40,5,20,0,28,85,44.7,41,34.1,25,84.0,7,33,26,12,4,9,19,78,47.4,31,35.5,18,77.8,7,37,20,4,4,20,21,2,6,14,1,4,20,16,1,5,11,28,6,4,0,20,15,1,10
202200099,"January 15, 2022",CHI,GSW,96,138,5,1,28,19,25,24,37,41,34,26,42,11,3,45,10,14,0,21,56,18,42,57,8,7,0,6,87,42.5,38,26.3,18,66.7,10,26,26,4,5,14,19,94,56.4,42,45.2,17,76.5,9,38,39,12,5,7,17,10,21,8,2,3,21,21,3,7,19,48,19,0,2,30,27,3,5
202200100,"January 15, 2022",MIA,ATL,124,118,7,8,40,24,30,30,30,40,29,19,46,2,17,38,5,15,1,27,28,1,10,49,7,15,1,27,77,53.2,30,46.7,30,93.3,9,28,30,6,5,15,27,79,48.1,38,42.1,30,86.7,9,25,26,6,6,15,27,7,18,7,6,1,24,27,0,12,10,22,11,4,2,38,22,1,6
202200101,"January 15, 2022",SAS,CLE,109,114,8,8,26,33,27,23,35,29,20,30,40,20,5,42,11,15,0,18,60,5,11,34,8,9,0,9,92,45.7,34,44.1,13,76.9,10,37,22,6,5,15,24,95,48.4,20,40.0,24,58.3,12,34,24,7,3,9,13,16,35,22,5,5,48,15,0,19,13,27,15,5,6,36,23,3,15
202200102,"January 15, 2022",MEM,DAL,85,112,5,4,29,26,18,12,25,25,34,28,50,11,9,26,4,14,1,19,72,23,31,41,11,13,2,16,89,38.2,31,22.6,13,76.9,10,31,19,8,6,14,16,91,51.6,32,25.0,16,62.5,8,44,30,8,1,13,19,7,15,15,2,7,36,17,6,8,7,15,15,1,2,35,19,1,12
202200103,"January 15, 2022",SAC,HOU,126,114,8,4,31,34,33,28,40,20,29,25,60,22,19,41,7,14,0,22,58,20,11,28,5,16,1,24,96,50.0,37,35.1,24,70.8,13,40,33,8,7,14,23,101,43.6,43,30.2,16,81.3,13,37,25,7,4,16,19,12,30,8,3,5,28,35,2,3,8,20,11,2,1,32,22,2,4
202200104,"January 16, 2022",MIL,TOR,96,103,1,6,29,20,20,27,20,26,27,30,24,7,15,16,8,13,0,15,44,5,8,18,15,14,1,9,77,33.8,39,30.8,35,91.4,9,32,19,8,8,13,23,91,44.0,35,34.3,20,55.0,16,34,25,7,8,14,25,5,13,21,4,5,38,29,2,26,4,9,19,4,3,33,32,3,16
202200105,"January 16, 2022",WAS,POR,110,115,7,4,24,33,23,30,29,39,26,21,44,4,2,44,15,20,0,21,46,5,18,18,14,12,1,14,90,43.3,37,32.4,23,87.0,10,33,20,4,3,20,26,85,45.9,39,33.3,35,68.6,8,31,19,13,2,12,25,11,22,8,4,2,25,19,3,5,17,44,22,3,7,24,22,0,6
202200106,"January 16, 2022",ATL,NYK,108,117,14,9,28,23,26,31,31,34,20,32,36,11,4,45,9,9,0,18,46,6,17,18,8,8,3,13,80,50.0,44,36.4,17,70.6,4,27,23,5,5,9,20,83,50.6,31,41.9,26,76.9,11,33,24,2,0,8,20,6,14,10,2,2,34,19,2,12,10,22,5,2,1,22,30,1,8
202200107,"January 16, 2022",BKN,NOP,120,105,0,1,32,37,26,25,22,19,36,28,46,14,30,32,5,14,2,11,54,21,0,33,10,11,1,10,84,54.8,27,44.4,17,94.1,9,35,30,5,5,14,21,87,46.0,31,29.0,24,66.7,12,23,27,9,3,11,18,9,19,9,5,3,16,6,1,5,5,12,21,1,2,20,11,3,1
202200108,"January 16, 2022",MIA,PHI,98,109,6,5,29,21,23,25,20,23,32,34,44,10,13,39,8,10,0,7,34,14,14,15,10,15,0,15,86,38.4,35,25.7,30,76.7,12,31,24,10,4,10,18,79,50.6,32,40.6,21,76.2,6,37,24,5,5,15,22,6,15,24,4,2,24,20,3,3,9,22,11,1,4,22,18,1,8
202200109,"January 16, 2022",OKC,CLE,102,107,1,11,32,24,29,17,24,22,37,24,42,5,18,43,6,15,1,9,46,6,5,30,9,7,2,7,83,43.4,27,37.0,22,90.9,14,37,17,4,5,15,21,87,46.0,35,25.7,25,72.0,11,26,28,6,4,7,13,8,17,8,6,2,22,17,1,17,13,28,11,4,2,27,9,0,7
202200110,"January 16, 2022",BOS,CHI,114,112,6,2,32,22,30,30,22,27,34,29,58,2,12,27,6,11,0,7,34,11,7,18,6,6,0,8,90,48.9,26,34.6,19,89.5,17,33,27,6,6,11,15,87,50.6,29,41.4,15,80.0,7,25,31,3,3,6,19,12,26,8,4,4,36,22,4,3,14,28,13,1,2,31,16,1,0
202200111,"January 16, 2022",SAS,LAC,101,94,7,2,21,35,29,16,22,25,33,14,36,7,16,42,5,14,1,14,40,17,5,33,5,14,1,17,83,41.0,37,29.7,27,81.5,15,39,19,6,5,14,12,100,38.0,38,31.6,8,75.0,21,33,24,8,4,14,21,11,23,11,1,2,43,24,2,6,9,20,11,2,1,34,29,4,4
202200112,"January 16, 2022",DEN,LAL,133,96,4,6,34,39,29,31,29,31,19,17,44,23,42,57,3,6,0,7,50,9,3,32,1,10,1,12,91,51.6,40,57.5,17,94.1,9,42,35,9,2,6,17,82,43.9,30,33.3,19,73.7,8,33,21,4,3,10,15,13,33,14,1,3,19,15,3,4,8,18,12,3,3,22,21,0,2
202200113,"January 16, 2022",DAL,ORL,108,92,0,0,32,23,30,23,23,20,25,24,32,5,23,42,6,9,1,16,60,12,0,45,7,15,2,21,78,41.0,34,35.3,38,84.2,12,35,16,6,3,9,18,77,48.1,26,26.9,16,68.8,5,32,16,7,3,15,26,11,26,11,6,1,34,14,2,4,13,27,14,2,1,27,20,2,5
202200114,"January 16, 2022",DET,PHX,108,135,3,4,35,19,28,26,39,25,39,32,46,8,4,55,8,9,2,8,50,8,28,70,8,14,1,16,82,46.3,25,36.0,34,67.6,5,27,25,6,2,9,20,87,58.6,27,40.7,30,73.3,11,40,30,4,7,14,26,9,22,14,0,1,26,3,1,5,10,24,11,2,3,22,3,1,4
202200115,"January 17, 2022",SAC,HOU,112,118,10,5,21,39,28,24,29,26,30,33,50,25,5,51,6,12,0,9,50,6,16,32,5,22,1,34,91,45.1,38,31.6,24,75.0,7,30,26,16,2,12,24,76,53.9,40,40.0,24,83.3,4,43,22,6,3,22,20,16,36,22,3,1,23,24,0,4,9,24,13,2,2,24,15,2,13
202200116,"January 17, 2022",MIN,GSW,119,99,11,9,30,26,35,28,22,28,31,18,54,21,27,57,7,15,1,21,32,20,6,38,9,15,0,18,91,49.5,43,37.2,20,65.0,6,41,30,8,9,15,21,82,39.0,42,31.0,29,75.9,7,40,20,6,3,15,17,6,16,11,2,0,27,17,2,6,7,18,12,3,2,16,27,0,7
202200117,"January 17, 2022",DEN,UTA,102,125,5,4,33,25,30,14,37,31,23,34,52,14,8,24,3,9,0,13,54,15,25,36,8,9,0,10,95,44.2,43,25.6,8,87.5,6,33,32,5,2,9,22,84,52.4,39,38.5,29,75.9,9,42,26,8,5,9,16,7,16,15,4,3,29,17,1,8,14,36,20,0,6,35,32,1,6
202200118,"January 17, 2022",BOS,NOP,104,92,1,1,18,21,32,33,29,17,23,23,42,9,17,9,4,14,0,12,38,16,18,15,10,11,1,20,80,47.5,32,31.3,20,90.0,5,42,22,6,4,14,18,87,41.4,30,30.0,18,61.1,8,33,23,10,4,11,15,19,40,10,4,3,36,14,1,7,10,21,23,5,6,25,23,0,9
202200119,"January 17, 2022",NYK,CHA,87,97,2,0,23,21,23,20,34,28,24,11,32,6,1,29,12,15,0,14,38,7,23,7,10,7,0,7,80,40.0,34,35.3,21,52.4,14,39,22,7,4,15,19,86,41.9,39,35.9,17,64.7,6,33,23,6,2,7,14,3,7,14,3,7,29,25,0,8,10,25,9,6,3,19,15,0,13
202200120,"January 17, 2022",WAS,PHI,117,98,1,1,38,23,30,26,29,26,28,15,50,4,25,63,13,12,0,11,44,6,2,27,4,12,0,18,87,48.3,30,30.0,32,75.0,9,40,25,7,6,12,18,86,40.7,26,26.9,25,84.0,10,32,19,9,3,12,26,8,18,9,4,2,35,14,1,6,7,14,15,1,3,26,19,2,3
202200121,"January 17, 2022",CLE,BKN,114,107,16,8,30,35,22,27,31,28,29,19,54,11,9,37,6,15,1,13,34,13,8,26,7,14,0,19,81,51.9,32,34.4,21,90.5,8,32,26,7,3,15,14,83,49.4,30,40.0,18,72.2,8,27,27,11,4,14,22,10,22,11,2,1,26,19,0,5,5,10,16,0,5,21,10,1,5
202200122,"January 17, 2022",MEM,CHI,119,106,5,6,20,38,34,27,20,25,27,34,64,26,28,51,6,17,1,12,38,9,5,42,7,18,0,21,92,51.1,25,40.0,20,75.0,10,38,29,14,7,17,13,92,43.5,31,41.9,15,86.7,9,34,24,10,7,18,15,11,22,20,3,5,39,18,2,3,17,37,12,3,4,38,14,1,4
202200123,"January 17, 2022",LAC,IND,139,133,0,0,40,28,36,35,27,32,31,43,42,15,19,34,7,11,2,21,64,15,0,56,7,12,0,23,82,54.9,36,50.0,36,86.1,8,29,32,7,7,11,18,97,51.5,33,39.4,23,87.0,15,26,30,8,4,12,23,7,16,10,2,1,41,13,3,10,9,25,13,2,3,27,23,6,5
202200124,"January 18, 2022",ATL,MIL,121,114,3,1,17,33,33,38,26,36,26,26,34,4,8,30,11,13,0,15,36,13,14,26,4,13,0,19,86,44.2,36,41.7,32,93.8,10,36,25,7,8,13,18,88,44.3,38,42.1,24,83.3,9,33,21,8,4,13,28,10,21,10,5,5,29,21,2,7,1,2,18,3,4,28,26,2,5
202200125,"January 18, 2022",ORL,POR,88,98,1,3,17,23,21,27,22,32,27,17,44,11,2,42,10,16,0,24,54,12,24,28,3,17,0,7,90,37.8,32,25.0,20,60.0,10,40,21,9,7,16,15,90,41.1,34,20.6,18,94.4,11,44,20,9,8,17,17,3,6,12,1,4,30,10,1,4,7,15,13,1,5,30,19,3,4
202200126,"January 18, 2022",MIA,TOR,104,99,22,10,27,31,22,24,30,21,24,24,54,4,9,43,3,12,0,11,46,20,5,23,9,11,1,9,83,45.8,24,37.5,22,86.4,13,36,20,11,8,12,18,90,41.1,36,36.1,17,70.6,15,30,24,9,5,11,21,10,24,18,0,3,29,24,1,13,4,11,11,1,3,31,15,1,1
202200127,"January 18, 2022",DAL,OKC,104,102,0,0,33,20,24,27,24,18,30,30,40,10,22,32,13,11,0,16,42,15,0,29,9,13,0,8,88,39.8,37,32.4,28,78.6,11,36,28,10,7,11,19,83,43.4,35,31.4,24,79.2,5,37,20,10,2,13,23,6,12,12,2,3,34,23,2,5,8,18,18,1,1,30,29,0,4
202200128,"January 18, 2022",SAS,PHX,107,121,18,9,29,27,35,16,32,27,28,34,44,3,12,23,10,12,0,23,52,17,15,37,7,5,0,4,92,44.6,30,30.0,22,72.7,13,34,21,3,2,12,16,95,51.6,32,28.1,20,70.0,12,33,29,9,5,5,18,11,24,11,2,4,42,24,6,11,15,34,17,4,6,42,21,3,14
202200129,"January 18, 2022",LAL,UTA,101,95,14,9,24,28,20,29,25,21,32,17,44,19,11,44,10,12,1,13,36,8,10,25,13,15,1,13,86,44.2,37,29.7,23,60.9,10,35,15,7,5,12,19,83,37.3,46,26.1,24,87.5,8,36,21,6,6,15,21,8,20,13,3,2,20,32,1,5,8,19,11,4,1,22,22,0,4
202200130,"January 19, 2022",NYK,MIN,110,112,14,6,23,28,40,19,30,31,25,26,36,7,9,18,13,18,0,15,38,12,12,43,12,12,1,18,80,46.3,38,31.6,33,72.7,11,33,21,6,7,18,30,81,43.2,41,31.7,38,76.3,8,30,21,10,6,12,25,7,17,16,4,3,21,22,1,4,8,18,21,2,4,25,15,0,8
202200131,"January 19, 2022",GSW,DET,102,86,1,0,33,33,17,19,22,16,25,23,36,11,34,32,6,13,0,17,36,11,2,38,8,16,0,11,83,41.0,42,33.3,27,74.1,13,41,26,12,3,13,25,85,35.3,34,26.5,24,70.8,11,39,18,4,5,16,23,12,29,20,6,5,36,26,0,9,6,13,8,4,4,31,26,1,9
202200132,"January 20, 2022",PHI,ORL,123,110,15,5,25,22,47,29,21,36,23,30,50,13,27,30,2,9,1,6,34,8,10,37,7,11,0,12,83,54.2,28,35.7,27,85.2,6,38,21,7,8,9,15,90,44.4,35,51.4,16,75.0,9,34,26,4,4,11,19,12,30,20,1,4,25,19,0,8,16,38,11,5,1,28,19,0,3
202200133,"January 20, 2022",WAS,BKN,118,119,2,1,28,34,24,32,33,41,23,22,56,4,1,51,8,12,1,19,54,0,16,35,12,12,3,24,86,47.7,29,34.5,32,81.3,13,27,23,6,8,12,19,89,52.8,25,32.0,20,85.0,7,29,23,5,4,12,25,14,33,8,6,2,41,15,3,2,18,43,10,4,3,28,16,2,8
202200134,"January 20, 2022",ATL,MIN,134,122,1,0,26,35,45,28,42,31,20,29,56,12,19,29,9,11,1,14,42,18,16,44,15,13,0,21,86,52.3,38,39.5,33,87.9,8,31,34,7,9,11,23,97,43.3,46,37.0,29,72.4,16,29,21,10,3,13,24,9,23,10,4,5,30,29,3,5,14,37,20,4,5,25,20,1,9
202200135,"January 20, 2022",BOS,CHA,102,111,11,7,27,21,26,28,25,31,30,25,40,5,6,26,7,14,0,10,38,9,14,35,10,15,2,20,90,43.3,46,30.4,13,76.9,8,30,27,8,3,14,20,86,48.8,39,41.0,15,73.3,11,36,27,6,6,15,17,6,14,13,3,3,33,17,2,7,11,25,16,3,5,20,24,0,3
202200136,"January 20, 2022",MIA,POR,104,92,15,6,23,35,20,26,26,30,24,12,38,11,14,58,8,14,2,10,28,8,8,12,8,16,2,13,80,46.3,35,34.3,25,72.0,9,34,24,12,6,14,15,81,40.7,46,30.4,16,75.0,10,33,19,7,6,16,22,5,12,20,2,4,23,28,0,6,8,20,13,4,1,26,18,0,3
202200137,"January 20, 2022",CHI,CLE,117,104,11,5,24,34,29,30,29,20,29,26,58,12,13,27,4,9,1,8,48,11,7,24,9,14,1,24,86,54.7,22,45.5,18,72.2,7,30,25,7,4,9,18,77,51.9,27,33.3,22,68.2,9,29,27,7,4,14,15,16,32,17,2,2,27,16,1,8,11,24,11,2,4,43,9,1,4
202200138,"January 20, 2022",MIL,MEM,126,114,6,2,36,25,35,30,30,17,40,27,58,18,18,29,6,15,0,17,66,18,8,32,13,9,1,10,97,47.4,37,35.1,22,95.5,13,43,29,7,6,15,21,106,41.5,40,22.5,25,68.0,16,31,26,10,8,9,20,4,8,16,4,6,45,34,0,22,7,16,26,3,3,39,28,3,6
202200139,"January 20, 2022",DAL,TOR,102,98,22,7,27,28,28,19,31,23,22,22,50,8,10,26,3,16,2,12,48,8,8,18,9,12,0,8,76,48.7,33,27.3,20,95.0,10,35,23,5,0,16,20,91,38.5,32,25.0,25,80.0,16,28,17,11,1,12,21,8,18,9,3,2,34,22,1,15,4,9,13,1,3,21,18,1,4
202200140,"January 20, 2022",SAS,OKC,118,96,2,4,32,37,37,12,22,29,27,18,54,19,34,38,7,9,0,12,58,10,2,37,14,14,1,17,96,49.0,40,37.5,14,64.3,11,39,32,9,13,9,17,98,38.8,31,25.8,15,80.0,14,32,20,5,2,14,14,9,19,15,1,2,50,19,0,2,8,17,6,2,0,34,27,0,6
202200141,"January 20, 2022",UTA,HOU,111,116,5,0,27,35,19,30,36,21,26,33,62,8,13,29,6,9,0,6,36,3,9,47,11,8,1,14,89,47.2,38,26.3,20,85.0,11,38,26,7,5,9,16,96,42.7,45,48.9,17,70.6,12,32,24,4,3,8,18,6,16,13,2,3,34,27,3,13,12,30,9,1,2,30,20,0,13
202200142,"January 20, 2022",DEN,LAC,130,128,16,10,29,18,34,33,25,34,22,33,64,24,9,15,6,12,0,16,64,11,15,46,5,12,2,16,98,49.0,38,34.2,25,84.0,13,31,32,9,3,12,15,97,53.6,39,38.5,12,75.0,12,35,35,6,3,12,24,7,17,19,0,2,24,22,1,2,11,24,11,3,1,23,18,1,5
202200143,"January 20, 2022",SAC,DET,131,133,13,12,26,45,32,28,33,33,39,28,52,16,12,22,15,7,0,9,48,2,9,55,11,8,1,12,84,52.4,27,44.4,44,70.5,8,27,22,4,8,7,17,91,50.5,36,41.7,30,86.7,13,28,27,3,6,8,26,10,26,9,2,1,37,24,2,1,10,24,9,1,0,33,18,1,2
202200144,"January 20, 2022",LAL,IND,104,111,5,4,32,24,24,24,23,27,26,35,46,11,15,50,12,11,0,8,62,13,11,26,4,12,1,10,90,44.4,34,32.4,18,72.2,12,28,23,4,7,11,18,90,48.9,30,36.7,15,80.0,14,34,28,6,8,12,22,5,11,13,6,5,36,13,4,6,12,28,14,1,1,41,23,3,4
202200145,"January 21, 2022",NYK,NOP,91,102,2,3,17,25,15,34,27,19,35,21,38,9,2,42,13,15,0,19,46,14,25,26,9,12,0,14,77,37.7,38,23.7,36,66.7,14,34,21,6,5,15,21,76,50.0,28,39.3,22,68.2,3,32,27,10,2,12,26,5,11,19,0,2,24,15,2,2,5,11,12,3,2,19,16,0,2
202200146,"January 21, 2022",DAL,PHX,101,109,14,7,26,27,29,19,22,23,29,35,42,6,12,22,5,19,0,31,48,20,8,28,6,7,0,7,85,43.5,37,29.7,20,80.0,10,40,19,1,3,19,22,86,45.3,36,22.2,25,92.0,5,35,25,13,1,7,21,6,12,7,3,0,20,24,0,6,7,14,22,2,2,24,17,0,8
202200147,"January 21, 2022",GSW,IND,117,121,15,13,30,33,20,27,23,32,28,27,62,16,9,37,4,21,0,20,42,6,5,43,16,14,4,19,94,44.7,42,21.4,29,82.8,15,38,28,11,6,21,28,95,43.2,35,42.9,34,70.6,13,35,23,12,3,14,23,9,22,22,4,3,42,20,7,7,9,22,15,1,2,26,20,4,5
202200148,"January 22, 2022",CHA,OKC,121,98,1,1,37,32,24,28,20,32,23,23,52,33,25,41,6,12,0,11,50,24,2,28,4,11,1,22,99,45.5,49,34.7,20,70.0,16,46,34,8,5,12,18,98,37.8,44,27.3,15,80.0,15,37,20,6,2,11,21,3,7,16,6,4,24,32,0,3,4,10,8,5,4,22,35,1,4
202200149,"January 22, 2022",ORL,LAL,105,116,12,13,27,35,16,27,24,30,31,31,48,11,10,40,11,17,1,25,46,19,17,51,8,18,1,21,81,44.4,40,27.5,29,75.9,3,32,23,6,9,17,21,85,49.4,30,43.3,23,82.6,8,37,23,12,4,18,24,4,9,14,4,4,32,16,3,3,5,11,19,3,5,16,20,0,10
202200150,"January 22, 2022",PHI,LAC,101,102,4,3,17,37,26,21,24,16,30,32,52,5,24,14,9,7,0,8,42,11,13,32,8,10,2,19,91,41.8,28,35.7,21,71.4,13,31,23,7,3,7,17,87,46.0,32,34.4,15,73.3,10,39,21,5,0,10,21,8,17,7,2,2,32,16,7,7,11,23,14,1,4,36,13,3,4
202200151,"January 22, 2022",ATL,MIA,110,108,5,4,31,29,28,22,30,21,23,34,36,3,18,27,5,16,2,22,42,10,8,39,5,15,0,20,68,55.9,33,42.4,24,83.3,6,30,26,3,1,16,17,85,48.2,40,37.5,12,91.7,11,22,30,8,1,15,22,4,10,9,3,0,17,12,2,3,13,34,16,3,4,23,14,4,10
202200152,"January 22, 2022",BOS,POR,105,109,8,6,25,33,24,23,30,24,29,26,42,18,11,36,3,11,1,18,32,7,15,23,10,13,0,17,82,45.1,37,29.7,23,87.0,8,34,25,7,7,11,24,76,47.4,33,48.5,30,70.0,7,35,20,6,4,13,21,7,14,13,1,5,34,27,1,5,5,14,10,3,2,30,24,0,10
202200153,"January 22, 2022",WAS,TOR,105,109,9,6,30,24,23,28,20,35,36,18,56,10,13,36,7,17,1,27,44,2,18,15,3,8,0,12,85,50.6,33,33.3,10,80.0,11,34,29,3,3,17,16,90,46.7,30,36.7,17,82.4,11,29,20,10,4,8,15,3,8,7,2,0,31,16,0,8,7,18,14,1,2,26,28,1,2
202200154,"January 22, 2022",MIL,CHI,94,90,16,15,24,21,23,26,20,24,25,21,42,7,7,27,9,8,0,4,20,4,4,20,8,8,2,10,88,38.6,31,19.4,28,71.4,11,42,20,3,3,8,17,85,36.5,38,18.4,24,87.5,6,43,21,4,4,8,21,7,16,17,0,3,27,26,3,12,9,19,10,6,2,34,22,1,12
202200155,"January 22, 2022",SAS,BKN,102,117,16,12,26,25,23,28,24,26,29,38,46,9,4,24,3,6,0,6,56,18,17,36,9,7,1,9,95,38.9,29,27.6,24,83.3,16,33,24,3,7,6,13,100,48.0,25,36.0,12,100.0,12,41,24,3,5,7,17,9,20,9,3,0,59,15,1,2,18,43,12,1,1,41,14,3,5
202200156,"January 22, 2022",DEN,MEM,118,122,10,4,28,35,29,26,37,31,30,24,48,15,6,17,10,13,0,14,58,16,14,35,11,15,1,17,91,47.3,32,40.6,23,82.6,10,27,34,6,6,13,25,82,52.4,25,44.0,40,62.5,13,35,19,11,10,15,24,12,28,11,0,1,32,10,0,7,7,15,18,3,5,29,20,0,5
202200157,"January 22, 2022",UTA,DET,111,101,12,8,27,33,27,24,26,26,30,19,50,5,10,35,9,10,1,11,34,15,5,39,8,10,1,14,79,45.6,31,32.3,34,85.3,7,37,22,3,7,10,21,87,43.7,32,40.6,16,75.0,9,31,22,6,4,10,24,11,26,11,3,4,33,18,3,7,12,28,11,1,3,29,18,3,4
202200158,"January 22, 2022",GSW,HOU,105,103,8,8,24,19,33,29,30,24,22,27,46,16,3,25,9,17,2,29,54,14,15,44,12,12,0,14,81,48.1,30,33.3,22,77.3,7,34,25,4,9,17,18,89,42.7,35,28.6,20,85.0,8,31,25,10,3,12,15,7,17,16,1,2,39,26,2,5,7,17,15,2,5,25,19,2,5
202200159,"January 23, 2022",MIL,SAC,133,127,1,6,27,35,32,39,35,19,32,41,42,15,15,35,3,7,0,6,58,11,12,22,7,14,0,12,91,49.5,42,50.0,25,88.0,9,34,19,12,0,7,14,97,52.6,37,40.5,16,62.5,13,35,29,4,2,14,20,14,37,16,0,3,32,21,0,8,8,20,12,4,2,32,28,0,4
202200160,"January 23, 2022",CLE,OKC,94,87,6,7,24,23,31,16,22,23,23,19,46,11,17,25,12,22,1,20,40,12,3,34,10,15,0,19,76,46.1,27,22.2,35,51.4,15,39,22,5,6,22,20,85,38.8,41,29.3,16,56.3,11,30,16,14,3,15,28,7,16,10,2,2,21,15,1,1,4,10,19,0,3,21,13,0,7
202200161,"January 23, 2022",PHX,IND,113,103,6,3,24,35,33,21,25,29,20,29,66,16,22,44,4,11,0,11,44,10,3,47,7,17,1,22,96,49.0,25,28.0,14,85.7,14,37,34,11,8,11,19,84,44.0,29,34.5,27,70.4,12,32,19,5,5,17,18,14,30,25,3,6,30,16,5,10,11,24,8,4,3,38,16,1,8
202200162,"January 23, 2022",NYK,LAC,110,102,0,0,39,27,25,19,31,30,20,21,34,13,14,26,7,12,1,12,38,9,0,47,11,12,0,20,91,42.9,36,44.4,19,84.2,15,37,26,6,4,12,22,79,43.0,41,34.1,30,66.7,6,34,20,7,6,12,19,10,24,10,3,6,23,21,0,11,12,30,13,0,3,28,22,0,11
202200163,"January 23, 2022",WAS,BOS,87,116,0,0,25,20,24,18,31,29,31,25,46,10,0,42,4,6,1,7,38,4,32,21,12,13,0,11,93,35.5,34,23.5,16,81.3,9,35,20,8,6,6,14,90,44.4,39,48.7,21,81.0,11,46,26,5,3,13,16,2,4,19,1,2,27,20,2,4,14,35,7,3,0,35,24,0,6
202200164,"January 24, 2022",MIA,LAL,113,107,2,1,39,30,20,24,25,27,18,37,44,11,26,35,4,15,1,15,40,16,2,35,11,17,1,20,81,49.4,33,45.5,20,90.0,6,33,31,9,3,15,31,79,45.6,40,27.5,30,80.0,7,31,20,7,1,17,20,10,27,19,5,6,17,24,0,12,12,29,16,4,5,17,25,3,7
202200165,"January 24, 2022",ORL,CHI,114,95,4,3,23,30,32,29,19,18,37,21,60,11,20,51,6,12,2,21,34,1,8,10,9,21,1,24,80,52.5,26,46.2,23,78.3,3,32,31,7,8,12,25,76,43.4,21,23.8,32,75.0,11,33,10,3,4,21,22,13,29,9,1,1,39,8,0,3,17,34,5,1,0,17,8,0,0
202200166,"January 24, 2022",TOR,POR,105,114,0,0,15,19,33,38,33,31,22,28,42,10,0,25,12,15,1,20,38,11,34,37,9,22,0,27,98,39.8,54,33.3,14,64.3,15,28,28,15,8,15,18,85,52.9,32,56.3,13,46.2,10,37,31,8,7,22,17,4,11,18,6,5,39,20,0,5,5,14,18,2,4,17,32,4,8
202200167,"January 24, 2022",CHA,ATL,91,113,1,4,22,22,22,25,30,25,30,28,58,23,2,33,9,16,0,17,46,7,27,37,7,10,0,11,87,39.1,36,11.1,27,70.4,11,43,23,6,6,16,24,88,45.5,39,38.5,24,75.0,7,38,25,12,6,10,22,3,7,8,2,3,34,27,0,10,5,13,15,2,6,29,22,0,8
202200168,"January 24, 2022",SAS,PHI,109,115,6,0,23,24,30,32,29,30,27,29,60,17,3,29,9,8,1,12,58,12,15,17,6,10,0,18,89,47.2,30,33.3,22,68.2,12,31,30,4,5,8,15,92,47.8,16,43.8,23,87.0,13,34,22,5,3,10,19,11,25,6,5,4,35,7,0,4,10,20,10,0,4,17,8,1,5
202200169,"January 24, 2022",DAL,MEM,104,91,0,1,24,24,29,27,16,18,27,30,50,9,22,23,11,15,3,20,60,19,0,30,11,15,0,16,74,48.6,30,30.0,31,74.2,9,33,22,10,12,15,23,99,37.4,24,16.7,19,68.4,21,29,20,10,3,15,25,10,20,20,5,3,47,15,4,10,9,18,22,5,6,18,22,2,3
202200170,"January 24, 2022",MIN,BKN,136,125,14,4,37,35,30,34,36,26,33,30,52,18,17,42,4,9,0,10,48,9,3,38,8,17,2,30,92,52.2,32,43.8,31,83.9,10,27,24,11,7,9,17,95,50.5,38,39.5,15,93.3,16,32,27,4,1,17,29,11,25,23,3,5,36,21,2,6,10,25,7,6,1,31,19,4,8
202200171,"January 24, 2022",DEN,DET,117,111,9,8,29,31,32,25,30,30,16,35,60,12,16,41,9,11,2,12,48,9,3,37,6,22,0,28,85,51.8,35,34.3,23,73.9,8,26,29,8,1,11,22,75,56.0,29,37.9,19,84.2,4,30,28,4,5,22,29,6,15,15,3,2,24,13,1,5,10,21,12,1,2,32,21,0,6
202200172,"January 24, 2022",GSW,UTA,94,92,7,5,33,22,28,11,29,25,21,17,34,4,13,24,6,9,1,10,34,6,5,40,5,9,3,20,83,43.4,42,31.0,10,90.0,10,30,19,8,5,9,19,81,38.3,35,31.4,23,82.6,17,34,17,7,2,9,13,12,31,13,2,4,33,24,2,3,7,17,6,3,3,14,22,1,5
202200173,"January 25, 2022",CLE,NYK,95,93,10,14,28,22,26,19,23,27,19,24,34,17,15,38,8,19,1,26,34,17,6,34,9,11,1,12,81,43.2,36,36.1,20,60.0,12,39,29,7,1,19,18,84,41.7,38,31.6,21,52.4,11,34,21,11,1,11,19,9,19,13,6,3,33,19,1,10,8,19,13,4,9,28,23,0,12
202200174,"January 25, 2022",NOP,IND,117,113,12,10,31,30,22,34,32,30,17,34,64,18,8,31,6,11,1,16,32,5,8,47,13,15,2,14,88,46.6,30,20.0,31,93.5,12,33,23,7,4,11,22,87,43.7,46,41.3,25,72.0,10,31,26,5,7,15,28,10,22,22,3,4,18,27,3,10,10,23,13,2,3,21,22,1,1
202200175,"January 25, 2022",OKC,CHI,110,111,3,6,27,21,30,32,35,23,34,19,42,12,5,37,7,11,0,16,38,14,28,23,11,16,3,19,92,41.3,45,35.6,24,75.0,10,34,26,9,5,11,15,89,46.1,39,38.5,19,73.7,10,41,31,7,9,16,23,6,12,15,4,4,34,26,2,6,11,26,12,2,3,32,27,3,6
202200176,"January 25, 2022",PHX,UTA,115,109,14,3,31,27,27,30,21,35,31,22,52,7,13,25,11,14,0,16,44,11,5,33,7,13,1,17,99,47.5,36,36.1,15,53.3,18,33,28,10,5,14,17,81,49.4,31,45.2,22,68.2,7,31,16,11,3,13,15,25,59,16,4,4,29,22,3,7,12,29,18,2,3,35,30,2,7
202200177,"January 26, 2022",PHI,NOP,117,107,8,11,20,30,36,31,24,34,28,21,52,5,12,16,8,10,1,17,62,19,10,22,7,8,0,14,84,46.4,31,32.3,31,93.5,14,30,26,4,8,10,22,83,48.2,22,40.9,26,69.2,11,28,26,5,7,8,25,8,16,13,0,3,32,9,0,5,11,25,14,1,2,30,12,0,3
202200178,"January 26, 2022",DET,DEN,105,110,5,2,32,27,26,20,34,35,28,13,56,9,3,29,7,9,0,7,48,6,15,24,12,25,0,38,97,42.3,36,33.3,14,78.6,9,27,25,14,5,9,25,84,42.9,32,34.4,31,87.1,16,40,25,7,1,25,17,4,11,17,2,5,27,20,0,7,4,11,14,1,2,26,18,2,5
202200179,"January 26, 2022",TOR,CHA,125,113,1,3,39,37,29,20,27,34,25,27,40,14,22,24,10,14,3,17,56,18,2,38,7,12,0,12,82,52.4,34,47.1,29,79.3,7,35,27,6,7,14,22,82,48.8,31,32.3,32,71.9,9,28,25,7,2,12,20,7,16,15,7,3,28,15,1,2,6,14,19,4,2,23,20,1,9
202200180,"January 26, 2022",WAS,LAC,115,116,1,1,32,34,27,22,23,13,40,40,46,6,35,44,5,18,1,23,52,16,1,65,5,11,1,13,80,46.3,27,33.3,40,80.0,10,42,25,4,7,18,24,94,41.5,29,37.9,31,87.1,12,36,28,9,5,11,29,4,9,3,6,6,35,13,0,12,10,22,12,5,6,31,15,0,5
202200181,"January 26, 2022",BOS,SAC,128,75,0,0,38,25,34,31,13,17,25,20,56,12,60,46,5,11,0,11,34,14,0,42,6,10,2,21,103,49.5,45,44.4,7,85.7,17,50,32,6,6,11,12,95,30.5,33,18.2,15,73.3,15,30,15,7,8,10,14,4,9,8,4,3,39,23,4,9,4,9,17,4,5,39,33,1,6
202200182,"January 26, 2022",BKN,LAL,96,106,8,4,25,28,25,18,33,29,30,14,52,9,4,27,9,18,1,19,46,27,15,37,9,8,2,14,88,42.0,27,25.9,22,68.2,18,36,20,5,2,18,12,89,47.2,38,31.6,10,100.0,5,28,23,12,9,8,19,8,17,15,1,1,22,15,1,3,6,14,17,2,2,28,17,0,9
202200183,"January 26, 2022",HOU,SAS,104,134,8,6,23,28,23,30,34,32,39,29,58,19,6,45,8,15,2,23,82,15,33,61,5,13,0,16,95,41.1,34,26.5,25,68.0,18,27,21,8,3,15,12,101,57.4,32,37.5,6,100.0,11,38,38,8,5,13,22,3,7,14,5,2,26,16,4,4,9,20,14,2,3,38,24,2,3
202200184,"January 26, 2022",GSW,DAL,130,92,3,1,29,34,34,33,20,31,27,14,46,16,39,71,4,14,0,19,40,13,7,31,4,11,0,17,92,53.3,43,39.5,18,83.3,12,46,31,8,2,14,17,91,35.2,40,25.0,18,100.0,10,29,17,9,4,11,17,8,22,13,1,1,22,31,0,3,5,11,10,0,1,23,24,0,4
202200185,"January 26, 2022",POR,MIN,107,109,9,7,29,34,19,25,26,29,29,25,36,17,13,27,7,14,0,22,42,23,9,14,8,15,2,26,94,39.4,41,39.0,20,85.0,15,35,26,4,2,14,24,82,43.9,43,32.6,31,74.2,11,38,21,8,10,15,19,5,15,12,3,1,16,23,4,6,6,15,16,1,2,30,18,1,7
202200186,"January 27, 2022",CLE,MIL,115,99,1,2,26,39,30,20,35,22,20,22,32,5,21,57,4,12,1,12,46,13,12,15,8,19,0,31,87,47.1,42,45.2,17,82.4,12,29,27,11,3,12,19,80,46.3,32,28.1,18,88.9,10,31,22,7,3,19,19,7,18,20,2,3,34,18,1,5,5,11,21,4,5,27,25,5,5
202200187,"January 27, 2022",IND,CHA,126,158,11,11,36,34,24,32,33,38,42,45,60,15,5,64,11,19,1,30,54,30,36,69,12,13,0,18,92,47.8,34,29.4,34,82.4,17,24,33,9,3,19,31,93,58.1,45,53.3,33,78.8,8,28,37,9,5,13,29,7,15,11,3,5,21,25,0,5,7,18,15,5,5,25,19,1,5
202200188,"January 27, 2022",ORL,LAC,102,111,7,6,25,23,30,24,23,26,27,35,56,14,14,27,5,13,0,16,26,9,17,49,6,15,0,21,84,45.2,35,25.7,22,77.3,8,31,29,9,3,13,23,81,44.4,29,51.7,27,88.9,8,41,20,7,1,15,22,7,16,16,3,7,30,19,1,12,12,30,9,4,1,27,20,0,1
202200189,"January 27, 2022",ATL,SAC,121,104,4,1,21,46,27,27,33,17,24,30,64,20,30,70,7,8,1,9,46,5,14,24,8,12,0,16,90,53.3,36,33.3,17,76.5,6,42,29,9,2,8,18,93,41.9,40,30.0,19,73.7,10,32,23,6,3,12,20,7,14,9,2,2,20,28,0,9,10,24,11,2,0,25,22,1,2
202200190,"January 27, 2022",MIA,NYK,110,96,0,0,30,29,33,18,16,30,21,29,38,10,30,29,6,17,3,13,38,8,0,47,5,17,1,21,74,50.0,37,43.2,22,90.9,7,31,30,8,3,17,23,83,42.2,44,34.1,17,64.7,15,29,24,8,4,17,23,10,28,11,5,5,18,27,1,11,10,25,16,3,6,22,23,6,11
202200191,"January 27, 2022",BKN,DEN,118,124,15,8,28,37,26,27,29,25,42,28,42,11,12,44,8,12,0,15,46,11,11,51,6,13,0,11,88,48.9,29,41.4,26,76.9,6,32,26,6,3,12,25,89,47.2,36,41.7,27,92.6,12,36,27,8,2,13,21,9,22,12,0,0,17,11,1,0,9,20,10,0,2,19,12,2,1
202200192,"January 27, 2022",CHI,TOR,111,105,2,4,31,36,24,20,27,23,32,23,68,9,19,23,8,13,2,11,46,12,1,19,7,12,0,17,84,54.8,26,26.9,16,75.0,10,35,32,2,1,13,22,79,48.1,31,38.7,28,60.7,8,26,24,8,5,12,17,7,15,9,6,1,24,22,2,15,8,19,21,3,1,42,19,1,5
202200193,"January 27, 2022",SAS,MEM,110,118,7,2,25,33,28,24,34,27,33,24,50,12,4,38,11,13,0,14,62,10,15,20,12,13,0,10,94,45.7,37,24.3,19,78.9,13,26,30,9,7,13,19,90,51.1,23,30.4,26,73.1,12,32,24,9,9,13,18,11,23,10,2,3,47,9,1,9,14,31,12,2,3,32,19,0,8
202200194,"January 27, 2022",UTA,PHX,97,105,1,1,18,30,16,33,39,11,24,31,38,3,2,44,7,14,2,22,50,22,21,14,12,7,2,10,79,43.0,30,40.0,23,73.9,8,31,20,6,4,14,28,82,48.8,18,38.9,27,66.7,9,35,14,6,7,7,20,9,22,9,4,2,43,13,1,5,13,28,8,0,2,29,17,2,12
202200195,"January 27, 2022",POR,DAL,112,132,0,0,25,34,22,31,40,28,30,34,50,17,0,30,6,9,0,15,48,16,23,52,6,8,1,7,82,51.2,38,36.8,23,60.9,3,35,27,4,1,9,21,88,54.5,36,44.4,26,76.9,6,39,35,6,6,8,21,10,24,11,1,1,24,15,1,7,7,16,7,2,1,27,19,0,5
202200196,"January 28, 2022",PHI,LAL,105,87,5,3,32,22,34,17,22,26,20,19,48,12,22,28,13,14,1,14,48,14,3,21,4,17,2,18,82,50.0,35,37.1,17,58.8,3,38,30,8,5,14,14,88,40.9,29,20.7,9,100.0,9,33,19,7,9,17,16,8,18,11,1,5,35,17,2,5,5,12,13,2,4,17,17,0,3
202200197,"January 28, 2022",GSW,MIN,124,115,7,10,29,28,38,29,29,32,20,34,40,12,16,35,6,18,1,24,62,8,8,26,9,9,0,11,82,53.7,36,58.3,21,71.4,10,37,31,8,3,18,23,95,44.2,44,22.7,27,77.8,10,31,22,10,4,9,15,9,23,10,3,1,25,29,0,8,3,8,17,1,3,25,28,0,3
202200198,"January 29, 2022",ORL,DET,119,103,4,2,39,28,25,27,19,32,24,28,50,12,24,50,7,15,2,22,42,8,2,56,11,10,0,12,83,49.4,25,48.0,26,96.2,8,39,28,5,7,15,22,87,36.8,29,34.5,37,78.4,14,27,23,10,9,10,24,9,21,14,5,2,36,14,0,5,7,16,18,0,4,33,12,2,3
202200199,"January 29, 2022",CHA,LAL,117,114,0,1,31,34,22,30,21,28,36,29,58,17,20,36,6,11,1,17,38,7,0,57,10,6,1,7,83,51.8,36,30.6,28,71.4,11,39,25,4,5,11,24,91,41.8,40,37.5,32,71.9,12,32,19,7,3,6,23,5,11,13,7,2,24,19,1,7,11,26,12,5,3,27,21,3,7
202200200,"January 29, 2022",ATL,BOS,108,92,9,5,32,30,18,28,20,27,30,15,40,9,17,46,11,11,1,13,40,6,3,17,6,16,2,24,89,46.1,31,38.7,20,70.0,9,34,19,10,11,11,21,86,34.9,36,19.4,27,92.6,16,36,15,5,8,16,25,5,12,15,2,2,30,23,0,3,5,12,7,6,1,45,17,1,10
202200201,"January 29, 2022",NOP,DEN,105,116,5,6,17,31,30,27,26,24,36,30,56,7,5,37,8,13,0,22,46,14,16,40,8,21,0,26,90,38.9,34,14.7,33,90.9,14,29,23,14,4,13,19,82,50.0,33,36.4,25,88.0,9,34,29,9,4,21,22,5,11,17,2,1,22,17,1,2,6,15,13,1,2,19,15,0,1
202200202,"January 29, 2022",MIA,LAC,121,114,1,2,28,29,39,25,19,26,35,34,40,14,23,18,4,18,0,20,54,9,4,64,14,13,0,10,85,47.1,34,44.1,27,96.3,12,39,28,6,3,18,23,92,44.6,35,25.7,32,71.9,9,28,22,7,3,13,21,8,19,12,5,1,28,26,4,9,9,20,15,4,3,40,21,1,4
202200203,"January 29, 2022",HOU,POR,110,125,2,1,20,33,32,25,32,34,25,34,54,11,1,32,12,17,2,23,42,12,18,18,3,13,2,18,79,48.1,41,24.4,31,77.4,5,33,25,6,3,17,22,81,56.8,39,43.6,20,80.0,4,30,20,10,4,13,24,8,19,14,1,4,21,25,0,2,18,45,22,1,3,10,30,1,6
202200204,"January 29, 2022",MEM,UTA,119,109,8,3,31,28,29,31,30,21,27,31,66,29,14,44,8,15,0,14,34,18,6,53,6,16,2,22,82,56.1,23,39.1,24,75.0,8,34,27,9,7,15,19,85,43.5,46,37.0,21,85.7,11,26,20,10,3,16,16,13,29,13,2,5,36,30,1,5,7,18,14,2,5,33,17,1,9
202200205,"January 29, 2022",OKC,IND,110,113,18,9,30,24,26,20,29,22,22,27,56,12,16,42,6,13,1,14,52,5,6,44,15,19,2,23,95,45.3,43,32.6,17,58.8,10,33,22,12,6,13,27,95,43.2,39,33.3,29,62.1,19,41,25,7,6,19,20,7,17,20,3,7,37,30,2,6,14,34,12,5,4,28,29,3,5
202200206,"January 29, 2022",SAS,CHI,131,122,12,7,29,34,35,33,35,33,23,31,58,9,13,33,5,7,0,10,54,22,10,24,8,6,0,6,95,52.6,37,43.2,18,83.3,10,34,35,3,1,7,18,88,52.3,30,26.7,26,84.6,4,33,22,5,2,6,16,17,37,9,2,0,34,14,0,6,12,24,12,0,4,30,23,0,6
202200207,"January 29, 2022",PHX,MIN,134,124,4,9,40,34,26,34,32,34,27,31,38,20,13,29,8,12,0,21,50,17,2,53,6,7,0,15,84,51.2,39,51.3,37,75.7,10,39,36,4,2,12,22,90,48.9,39,35.9,27,81.5,8,30,20,7,6,7,26,3,7,7,5,3,27,21,1,7,11,28,12,2,1,27,13,1,7
202200208,"January 29, 2022",MIL,NYK,123,108,0,0,39,28,26,30,30,33,25,20,36,19,17,21,7,12,1,20,42,10,0,36,10,14,0,12,89,46.1,43,32.6,31,87.1,11,36,27,11,1,12,24,84,46.4,40,35.0,28,57.1,11,34,21,6,4,14,23,4,8,14,3,3,14,27,3,6,13,35,15,2,2,22,34,2,5
202200209,"January 30, 2022",NOP,BOS,97,107,1,0,15,19,36,27,27,25,26,29,52,12,2,38,8,13,2,15,48,13,20,17,3,14,1,17,82,43.9,32,25.0,23,73.9,9,31,22,8,0,13,14,81,53.1,41,34.1,11,63.6,6,37,31,6,7,14,19,3,8,20,3,1,23,33,0,6,4,11,13,0,4,34,23,1,10
202200210,"January 30, 2022",DAL,IND,132,105,0,1,34,38,32,28,23,37,20,25,64,17,29,64,8,5,0,2,60,10,0,51,10,11,0,6,96,53.1,34,47.1,22,63.6,11,35,31,8,7,5,19,91,44.0,33,27.3,23,69.6,10,37,25,1,7,11,21,13,30,10,2,2,34,23,2,8,6,13,4,1,2,28,17,0,6
202200211,"January 30, 2022",PHI,SAC,103,101,3,4,27,23,31,22,31,30,22,18,46,16,10,22,6,17,1,22,36,14,17,16,5,13,0,19,70,51.4,30,40.0,26,73.1,3,33,24,8,3,17,17,82,43.9,35,34.3,20,85.0,10,33,24,9,2,13,21,6,14,8,0,0,14,10,0,2,8,17,15,0,2,15,8,0,0
202200212,"January 30, 2022",MIA,TOR,120,124,12,6,27,26,22,25,28,31,26,15,46,14,5,41,10,23,1,17,52,24,16,9,11,16,1,10,110,40.9,50,32.0,20,70.0,19,42,26,12,6,23,26,107,43.9,45,35.6,18,77.8,12,41,24,15,9,16,22,3,7,17,3,4,28,33,2,20,7,17,19,3,6,33,40,1,9
202200213,"January 30, 2022",MEM,WAS,115,95,0,0,30,33,24,28,15,26,31,23,60,17,27,35,5,9,0,11,46,10,0,27,9,12,0,18,100,46.0,31,41.9,12,83.3,21,39,24,8,10,9,21,84,41.7,29,34.5,21,71.4,7,30,27,6,5,12,12,12,25,10,1,2,32,18,0,1,3,7,8,1,2,48,18,0,5
202200214,"January 30, 2022",GSW,BKN,110,106,7,12,31,23,24,32,20,27,29,30,42,8,19,29,8,10,2,15,42,8,6,35,8,10,1,11,98,40.8,45,31.1,18,88.9,16,39,24,8,8,10,23,98,39.8,28,39.3,21,81.0,18,34,21,7,10,10,15,6,16,12,2,1,38,22,0,3,4,11,5,0,1,30,27,1,3
202200215,"January 30, 2022",ATL,LAL,129,121,16,9,34,28,29,38,33,38,30,20,62,18,8,44,6,12,0,19,50,13,11,27,8,12,1,11,84,58.3,31,32.3,32,65.6,8,37,31,7,0,12,21,87,54.0,35,42.9,23,52.2,6,32,29,5,2,12,24,7,17,16,3,4,24,13,0,11,12,30,10,2,0,16,18,1,11
202200216,"January 30, 2022",CHA,LAC,90,115,10,1,25,22,29,14,24,27,33,31,48,17,1,21,10,8,1,8,56,15,25,62,4,17,1,28,98,32.7,34,23.5,27,66.7,11,33,24,8,2,8,15,84,52.4,28,39.3,19,84.2,6,54,23,5,6,17,23,2,4,15,6,2,26,8,2,6,13,31,11,3,2,30,9,0,10
202200217,"January 30, 2022",CHI,POR,130,116,13,7,29,44,31,26,35,30,27,24,52,4,19,40,0,7,0,8,38,6,8,22,5,12,0,20,90,55.6,32,40.6,18,94.4,8,36,36,10,3,7,16,83,51.8,39,46.2,16,75.0,5,31,23,4,3,12,12,5,10,13,2,3,26,27,2,5,17,41,13,5,0,26,24,0,0
202200218,"January 31, 2022",DET,CLE,115,105,1,0,24,25,35,31,29,26,33,17,64,6,11,43,6,9,0,6,46,5,15,25,11,11,2,15,91,46.2,26,38.5,25,84.0,16,32,26,7,4,9,21,82,46.3,34,38.2,25,64.0,12,29,25,6,6,11,20,10,23,17,1,0,20,14,3,12,6,15,12,5,3,33,9,1,5
202200219,"January 31, 2022",ORL,DAL,110,108,8,7,23,41,27,19,34,25,29,20,60,16,12,47,4,16,0,16,46,8,11,35,6,18,0,26,84,51.2,34,32.4,16,81.3,9,31,26,8,1,16,16,81,48.1,38,42.1,18,77.8,7,33,22,9,4,18,19,8,18,16,2,1,15,17,2,4,13,30,20,2,1,21,19,0,6
202200220,"January 31, 2022",MIL,DEN,100,136,5,7,30,27,24,19,33,32,38,33,44,5,4,26,7,15,0,27,44,15,36,59,5,9,1,11,78,47.4,30,33.3,22,72.7,6,26,23,6,3,15,10,88,60.2,43,53.5,10,70.0,6,35,39,8,3,9,15,4,10,19,1,0,29,31,0,6,12,31,14,4,2,20,15,0,8
202200221,"January 31, 2022",MIN,UTA,126,106,5,2,26,26,40,34,20,28,27,31,66,15,21,55,7,16,0,16,38,9,7,45,7,18,2,22,89,55.1,31,41.9,18,83.3,10,30,35,11,2,16,15,81,46.9,40,37.5,21,71.4,9,29,23,8,4,18,24,4,9,21,2,0,17,14,0,2,8,21,11,0,0,16,11,1,1
202200222,"January 31, 2022",PHX,SAS,115,110,14,9,23,27,29,36,31,24,36,19,52,10,6,20,12,8,0,17,44,6,12,42,8,11,0,14,97,49.5,32,34.4,12,66.7,11,35,31,6,5,8,12,100,45.0,37,35.1,8,87.5,11,32,27,6,3,11,15,17,38,7,1,2,35,22,1,2,14,34,10,4,2,39,18,1,2
202200223,"February 1, 2022",CLE,NOP,93,90,6,10,17,21,22,33,19,20,27,24,44,9,5,52,9,9,1,2,46,10,9,22,8,13,0,15,84,42.9,31,29.0,14,85.7,7,30,26,6,9,9,19,85,38.8,30,20.0,21,85.7,16,35,26,6,8,13,18,6,14,18,2,2,35,14,3,1,11,24,19,2,3,34,20,7,8
202200224,"February 1, 2022",IND,LAC,122,116,14,8,30,30,24,38,27,28,30,31,68,11,12,50,7,11,1,17,46,5,8,39,4,9,1,12,95,52.6,29,48.3,12,66.7,11,39,31,3,5,11,12,96,46.9,44,34.1,13,84.6,10,31,25,7,5,9,15,9,20,11,2,1,29,30,2,7,5,11,15,10,4,39,11,0,5
202200225,"February 1, 2022",PHI,MEM,122,119,19,14,39,24,21,27,30,28,22,31,68,16,17,28,11,21,0,30,72,29,4,15,9,14,0,17,100,49.0,31,35.5,15,86.7,14,35,30,8,12,21,23,102,46.1,30,20.0,28,67.9,15,33,18,14,6,14,15,16,33,11,4,8,53,15,5,6,16,34,23,3,5,56,12,8,6
202200226,"February 1, 2022",BOS,MIA,122,92,0,1,27,27,40,28,14,31,25,22,40,13,32,37,13,10,0,8,26,2,0,23,10,18,1,24,84,52.4,42,38.1,27,66.7,9,35,24,9,6,10,15,87,39.1,44,38.6,10,70.0,10,28,25,6,2,18,22,10,23,13,4,1,27,28,1,5,14,37,14,1,5,27,31,3,5
202200227,"February 1, 2022",NYK,SAC,116,96,1,2,31,23,30,32,23,18,25,30,42,14,29,61,10,17,0,18,40,8,3,32,13,16,0,22,80,50.0,35,37.1,29,79.3,8,39,25,12,5,17,20,86,43.0,38,28.9,22,50.0,9,27,24,6,5,16,23,9,22,12,1,2,21,13,5,7,8,17,11,2,0,24,18,2,3
202200228,"February 1, 2022",ATL,TOR,100,106,12,8,24,33,15,28,25,23,32,26,32,7,11,41,7,15,0,7,30,10,9,12,6,8,0,8,81,45.7,32,37.5,16,87.5,5,41,28,6,5,15,20,89,42.7,36,50.0,17,70.6,6,37,21,7,8,8,15,13,29,12,3,5,38,29,2,12,12,32,15,3,3,39,23,0,6
202200229,"February 1, 2022",HOU,GSW,108,122,6,1,25,27,26,30,23,38,26,35,40,5,4,35,13,16,1,21,40,21,18,27,7,14,1,15,84,42.9,43,37.2,29,69.0,9,28,25,4,3,16,19,80,53.7,40,42.5,23,82.6,7,34,23,10,8,14,24,3,8,6,3,2,26,24,0,2,7,16,18,2,5,28,29,3,1
202200230,"February 1, 2022",OKC,POR,98,81,1,6,19,20,26,33,31,16,14,20,44,8,19,40,6,12,1,15,42,4,18,19,4,14,1,15,86,40.7,41,29.3,17,94.1,11,39,22,6,3,12,13,81,42.0,38,18.4,8,75.0,6,35,18,7,6,14,20,4,9,13,2,1,26,27,0,3,5,11,12,1,1,24,29,1,2
202200231,"February 2, 2022",DET,NOP,101,111,13,9,33,32,22,14,31,26,27,27,50,5,15,45,7,18,1,12,46,2,11,54,11,15,2,16,84,48.8,32,25.0,14,78.6,6,29,21,7,3,18,25,89,43.8,28,28.6,28,89.3,16,30,24,8,5,15,17,12,27,14,3,2,36,12,0,7,6,13,18,5,4,33,15,1,1
202200232,"February 2, 2022",MIL,WAS,112,98,2,5,24,29,25,34,20,20,33,25,56,14,17,17,9,9,0,8,38,2,3,46,6,12,0,10,92,50.0,38,31.6,9,88.9,8,36,26,7,2,9,17,82,43.9,35,34.3,20,70.0,7,33,22,4,5,12,16,11,26,10,4,3,23,26,2,5,7,17,8,3,0,27,30,0,10
202200233,"February 2, 2022",TOR,MIA,110,106,5,2,22,28,30,30,32,30,21,23,40,10,8,16,7,15,0,19,52,8,15,38,6,16,1,24,81,48.1,26,46.2,29,69.0,15,28,20,9,3,15,24,78,48.7,30,26.7,25,88.0,10,28,26,8,1,16,25,6,14,17,2,2,22,17,3,2,2,5,10,2,0,27,13,3,6
202200234,"February 2, 2022",CHI,ORL,126,115,7,5,34,36,33,23,33,30,31,21,46,19,13,29,6,9,1,11,58,21,7,32,8,9,0,4,90,51.1,30,36.7,29,79.3,11,38,25,5,6,9,15,93,49.5,39,35.9,11,81.8,3,33,33,7,4,9,18,11,23,5,2,0,30,31,0,6,12,28,7,0,3,27,18,1,5
202200235,"February 2, 2022",MIN,DEN,130,115,6,3,30,39,31,30,28,23,27,37,46,11,30,68,5,10,0,13,42,11,7,49,4,12,0,13,93,49.5,45,42.2,25,76.0,13,39,35,8,9,10,21,89,42.7,44,31.8,28,89.3,10,36,27,7,4,12,17,9,23,15,1,2,30,30,4,1,5,13,14,1,3,20,25,3,7
202200236,"February 2, 2022",SAS,GSW,120,124,8,3,36,33,35,16,30,31,28,35,54,17,17,39,5,14,0,19,40,7,4,34,10,14,2,23,83,55.4,33,48.5,17,70.6,5,29,33,7,7,14,17,96,44.8,46,43.5,18,100.0,15,31,30,10,3,14,17,11,23,14,2,5,36,23,0,6,9,23,16,3,5,30,15,1,8
202200237,"February 2, 2022",PHX,BKN,121,111,6,5,39,26,26,30,29,29,24,29,44,4,14,24,7,15,1,15,42,5,1,35,9,11,1,19,76,55.3,31,35.5,31,83.9,7,30,26,8,4,15,19,81,49.4,40,40.0,21,71.4,6,27,25,7,1,11,27,12,27,8,3,1,24,24,0,8,8,19,11,0,1,21,12,1,8
202200238,"February 3, 2022",IND,ORL,118,119,3,4,34,33,21,30,28,25,33,33,46,15,17,46,12,8,0,10,60,14,4,49,6,12,0,11,98,44.9,32,43.8,23,69.6,7,39,25,7,1,8,19,95,44.2,35,31.4,26,92.3,9,43,29,5,3,12,21,10,21,13,0,1,24,20,3,4,6,15,11,1,3,37,20,3,4
202200239,"February 3, 2022",PHI,WAS,103,106,17,8,28,26,25,24,29,30,22,25,46,5,5,27,6,4,0,5,50,12,12,53,7,8,2,6,91,45.1,27,40.7,13,76.9,10,31,23,2,4,4,20,90,45.6,22,40.9,19,78.9,15,37,25,1,5,8,14,11,25,9,0,2,42,11,0,5,8,17,6,1,1,42,15,2,2
202200240,"February 3, 2022",BOS,CHA,113,107,6,8,27,27,34,25,22,31,25,29,44,10,12,41,5,18,1,21,42,24,5,19,5,16,0,28,82,51.2,36,38.9,17,88.2,6,36,31,9,5,18,21,87,42.5,40,30.0,27,77.8,14,32,18,12,4,16,20,2,4,12,3,2,36,29,1,8,10,23,14,3,6,30,22,0,3
202200241,"February 3, 2022",NYK,MEM,108,120,1,1,27,25,27,29,35,29,28,28,50,18,1,23,5,15,0,17,48,16,19,35,17,9,2,10,88,43.2,36,33.3,26,76.9,13,35,23,5,10,15,19,102,43.1,39,41.0,23,69.6,15,36,30,11,5,9,18,12,29,13,2,3,45,24,4,9,10,21,17,4,4,37,21,1,4
202200242,"February 3, 2022",HOU,CLE,115,104,1,1,32,32,26,25,31,22,30,21,48,12,15,40,8,12,0,17,60,15,7,33,11,17,2,27,82,47.6,40,35.0,33,69.7,8,29,25,11,3,12,23,80,51.2,21,33.3,27,55.6,12,36,23,6,4,17,27,5,11,20,2,6,34,13,0,12,1,2,15,0,5,29,24,3,5
202200243,"February 3, 2022",DAL,OKC,114,120,16,9,28,23,25,27,30,21,34,18,54,2,7,37,6,13,1,8,48,8,12,37,8,18,2,21,98,46.9,43,32.6,10,80.0,13,26,28,12,8,13,21,86,47.7,37,45.9,25,84.0,14,36,25,6,8,18,16,8,20,16,1,0,27,20,0,1,4,10,6,1,1,25,29,0,2
202200244,"February 3, 2022",UTA,DEN,108,104,8,7,28,32,22,26,30,31,18,25,64,11,9,35,10,7,1,8,42,6,7,57,3,14,0,20,86,48.8,29,24.1,22,77.3,8,29,21,8,4,7,12,79,53.2,28,39.3,12,75.0,7,32,24,5,7,14,20,10,22,15,2,2,38,15,3,0,12,30,14,4,2,43,18,3,8
202200245,"February 3, 2022",SAC,BKN,112,101,11,4,23,31,29,29,32,30,24,15,40,6,11,44,10,11,3,21,56,10,12,39,2,13,0,15,93,44.1,42,33.3,18,88.9,15,33,23,8,7,11,15,84,48.8,25,32.0,14,78.6,10,30,22,7,12,13,16,7,18,16,0,2,36,14,0,3,6,15,14,1,2,29,28,3,0
202200246,"February 3, 2022",LAL,POR,99,94,4,4,28,26,18,27,16,37,22,19,32,11,13,39,9,16,1,24,40,16,6,14,11,12,1,1,78,42.3,30,36.7,33,66.7,12,41,25,8,7,16,18,98,35.7,42,33.3,19,52.6,18,37,23,11,3,12,28,2,5,12,0,1,28,17,3,4,11,28,18,0,0,16,13,1,4
202200247,"February 4, 2022",SAS,MIA,95,112,2,3,19,28,19,29,21,36,31,24,36,7,6,36,11,17,0,23,54,6,26,50,8,13,1,13,80,37.5,33,24.2,38,71.1,12,31,21,9,5,17,19,83,50.6,30,40.0,18,88.9,7,35,27,13,3,13,27,4,8,14,2,5,35,14,1,5,8,19,15,3,6,23,20,1,11
202200248,"February 4, 2022",DET,MIN,117,128,9,8,32,35,27,23,31,34,38,25,50,4,8,53,10,15,1,21,54,23,16,48,6,14,0,10,91,44.0,46,32.6,28,78.6,13,32,27,3,6,15,24,87,50.6,34,44.1,28,89.3,9,33,29,11,3,14,18,4,9,15,2,2,34,17,4,10,6,12,22,3,2,25,24,1,8
202200249,"February 4, 2022",TOR,CHI,127,120,16,10,26,28,33,27,24,26,31,33,60,22,11,23,4,12,0,10,54,18,4,23,3,17,0,22,113,42.5,36,38.9,19,89.5,22,36,30,10,5,12,17,90,47.8,29,41.4,24,91.7,10,41,30,8,7,17,19,4,9,22,2,3,47,22,1,2,7,15,22,3,7,52,25,3,11
202200250,"February 4, 2022",ATL,PHX,124,115,9,7,32,32,36,24,30,31,30,24,40,9,14,24,8,15,0,17,60,14,6,25,4,10,1,17,84,52.4,40,50.0,22,72.7,6,35,25,6,1,15,21,88,52.3,32,28.1,18,77.8,6,33,30,11,2,10,20,11,27,11,2,1,29,19,0,8,18,37,19,2,1,19,28,1,6
202200251,"February 4, 2022",GSW,SAC,126,114,1,1,34,39,21,32,23,31,29,31,48,20,26,55,8,15,1,20,56,25,2,31,10,15,1,24,84,56.0,42,47.6,16,75.0,9,31,27,11,3,15,19,80,52.5,31,35.5,23,82.6,5,20,29,13,3,15,16,11,28,12,1,1,18,12,2,5,2,4,24,0,1,14,16,0,3
202200252,"February 4, 2022",LAC,LAL,111,110,16,10,28,32,34,17,26,28,28,28,54,10,17,30,8,7,3,12,52,7,4,34,8,10,1,14,89,51.7,30,43.3,11,54.5,7,36,29,5,6,7,22,88,46.6,29,37.9,25,68.0,11,33,19,6,6,10,13,12,27,11,0,2,28,16,2,12,11,26,13,4,2,38,18,0,4
202200253,"February 5, 2022",CHA,CLE,101,102,4,8,31,15,19,36,22,30,24,26,40,14,10,35,5,14,0,14,38,11,17,39,5,12,0,17,92,41.3,43,32.6,12,91.7,15,37,27,9,2,14,22,90,40.0,35,40.0,20,80.0,15,36,26,7,0,12,17,6,14,11,3,2,32,15,0,5,3,8,11,2,1,27,28,0,3
202200254,"February 5, 2022",DET,BOS,93,102,0,0,16,15,25,37,28,18,32,24,36,7,0,31,11,11,0,11,42,7,24,44,4,13,1,8,104,32.7,26,38.5,20,75.0,20,36,18,5,4,11,24,82,45.1,28,32.1,25,76.0,11,44,23,4,9,13,17,4,8,16,6,3,36,20,1,8,5,11,14,8,6,53,19,0,14
202200255,"February 5, 2022",IND,CHI,115,122,2,2,33,29,28,25,40,25,28,29,54,13,1,26,6,12,1,14,70,10,12,15,8,9,0,10,95,49.5,27,44.4,9,100.0,10,27,25,3,3,12,19,90,54.4,26,23.1,23,78.3,10,33,30,5,6,9,17,13,28,7,3,2,36,14,1,8,10,20,12,7,3,48,14,4,8
202200256,"February 5, 2022",TOR,ATL,125,114,1,1,39,21,36,29,28,31,27,28,46,14,18,23,3,14,3,16,60,16,8,31,1,9,0,6,81,56.8,27,63.0,18,88.9,8,37,29,7,4,14,18,93,46.2,29,31.0,21,90.5,13,27,27,12,4,9,16,9,22,11,1,0,27,16,3,11,11,27,14,1,0,24,14,2,10
202200257,"February 5, 2022",SAS,HOU,131,106,8,4,33,24,40,34,25,29,23,29,68,24,28,32,3,12,1,18,48,17,2,56,13,17,2,30,89,57.3,28,46.4,20,80.0,11,33,33,14,5,12,25,83,43.4,33,33.3,29,79.3,9,26,15,9,6,17,20,6,15,20,3,6,37,16,1,5,6,14,19,2,6,30,6,4,7
202200258,"February 5, 2022",UTA,BKN,125,102,0,0,33,35,37,20,24,23,26,29,56,14,34,49,4,16,2,12,36,11,0,74,4,9,1,13,85,56.5,38,44.7,14,85.7,9,41,33,7,5,16,16,99,41.4,34,35.3,11,72.7,16,26,25,10,2,9,12,5,13,17,1,1,29,22,0,5,16,37,21,2,1,18,18,0,4
202200259,"February 5, 2022",DEN,NOP,105,113,18,15,29,23,30,23,27,24,31,31,32,7,6,30,2,15,0,13,60,13,8,19,8,14,1,21,78,44.9,41,46.3,17,94.1,7,24,22,9,4,15,20,75,56.0,25,32.0,23,91.3,5,33,27,8,5,14,18,7,19,16,3,1,29,15,4,6,8,17,13,3,4,30,25,4,4
202200260,"February 5, 2022",DAL,PHI,107,98,10,2,24,29,32,22,33,30,15,20,46,4,11,8,8,10,1,12,44,6,16,23,6,13,1,20,85,45.9,34,29.4,23,82.6,11,29,22,8,0,10,18,70,51.4,27,33.3,23,73.9,6,30,23,5,5,13,22,13,30,9,2,3,29,20,0,4,8,18,15,4,4,28,20,0,8
202200261,"February 5, 2022",POR,OKC,93,96,13,7,19,31,26,17,21,25,29,21,58,8,10,21,9,12,0,7,28,8,7,32,10,14,1,17,101,39.6,33,18.2,10,70.0,17,36,18,7,4,12,18,87,37.9,42,35.7,21,71.4,13,39,24,5,6,14,18,10,22,10,0,5,27,31,0,4,9,20,6,0,3,45,24,0,0
202200262,"February 5, 2022",ORL,MEM,115,135,6,1,24,32,25,34,37,39,32,27,34,3,4,46,9,9,0,13,68,7,31,51,9,8,0,10,90,43.3,48,35.4,29,69.0,7,31,27,2,2,9,20,105,50.5,39,33.3,22,72.7,16,46,33,6,5,8,21,8,18,11,2,2,34,20,4,6,20,42,15,5,1,32,31,9,10
202200263,"February 6, 2022",CHA,MIA,86,104,8,8,23,28,8,27,31,15,35,23,42,10,5,37,7,19,1,27,46,22,30,40,7,12,0,18,86,38.4,36,27.8,16,62.5,12,38,23,4,5,19,19,91,41.8,32,34.4,18,94.4,11,38,27,14,6,12,17,3,6,10,3,3,29,16,0,5,5,12,19,3,3,28,19,0,7
202200264,"February 6, 2022",WAS,PHX,80,95,1,2,21,11,19,29,33,26,26,10,42,9,6,43,8,9,0,8,46,7,36,31,11,10,0,10,85,35.3,24,20.8,19,78.9,8,34,14,8,4,9,17,99,40.4,31,25.8,14,50.0,20,44,26,6,7,10,16,8,17,13,2,3,34,22,0,7,13,28,10,2,5,33,20,2,8
202200265,"February 6, 2022",LAL,NYK,122,115,5,5,29,27,31,24,42,29,13,27,72,17,9,22,7,13,0,20,48,25,21,21,14,14,0,18,102,47.1,34,26.5,28,60.7,14,43,29,8,7,13,23,98,39.8,38,28.9,36,72.2,15,41,24,8,4,14,26,5,11,9,0,2,21,19,3,1,5,11,13,2,1,17,9,0,6
202200266,"February 6, 2022",POR,MIL,108,137,4,0,26,28,21,33,34,36,37,30,52,12,1,50,11,16,0,26,34,24,34,47,9,10,0,7,85,48.2,45,31.1,21,57.1,9,29,25,6,6,16,18,92,53.3,50,46.0,22,72.7,10,34,36,9,6,10,18,6,15,17,3,2,22,32,2,4,8,18,18,2,2,18,36,3,3
202200267,"February 6, 2022",SAC,OKC,113,103,2,5,36,28,25,24,30,27,22,24,56,11,17,27,7,15,1,19,56,14,1,30,3,14,0,20,83,51.8,32,37.5,22,68.2,7,40,30,13,4,15,15,87,48.3,30,30.0,16,62.5,7,34,23,8,1,14,16,7,15,19,0,1,32,17,1,0,7,14,14,1,1,32,20,0,0
202200268,"February 6, 2022",CHI,PHI,108,119,6,1,26,26,29,27,34,27,28,30,50,11,1,10,4,8,0,11,52,8,17,20,8,9,2,13,81,48.1,26,26.9,26,88.5,6,32,21,3,4,8,19,84,53.6,24,50.0,21,81.0,4,34,29,5,5,9,17,15,30,13,3,3,39,13,0,5,17,38,11,3,1,40,15,3,10
202200269,"February 6, 2022",MIN,DET,118,105,17,7,24,31,28,35,26,30,23,26,40,20,13,43,10,10,0,13,46,11,5,40,6,10,1,16,91,46.2,36,47.2,21,81.0,11,40,27,6,7,10,19,95,42.1,32,37.5,19,68.4,14,33,28,6,9,10,22,3,6,11,1,2,42,15,0,4,8,18,9,1,3,36,29,1,0
202200270,"February 6, 2022",DEN,BKN,124,104,4,4,39,37,31,17,40,35,16,13,64,10,22,35,9,10,1,12,32,18,7,37,7,10,0,13,94,52.1,32,31.3,21,76.2,11,44,37,7,2,10,20,87,41.4,41,39.0,22,72.7,8,28,24,8,9,10,19,6,13,10,5,1,28,25,0,0,4,9,14,1,2,34,17,0,2
202200271,"February 7, 2022",CLE,IND,98,85,1,0,12,24,25,37,27,20,21,17,44,13,17,62,9,10,1,14,42,10,20,32,7,19,0,24,84,40.5,32,34.4,28,67.9,16,34,25,9,5,10,22,83,37.3,31,25.8,17,88.2,13,34,17,5,2,19,26,7,16,17,4,4,38,14,2,10,8,18,13,2,6,31,9,0,16
202200272,"February 7, 2022",ORL,BOS,83,116,0,0,15,24,22,22,21,28,29,38,48,10,0,27,5,17,2,16,58,15,33,49,8,14,2,16,81,35.8,26,19.2,21,95.2,8,32,17,8,5,17,16,99,45.5,46,28.3,14,92.9,16,39,29,9,6,14,17,0,0,10,1,3,22,19,0,3,5,13,10,2,2,30,8,1,6
202200273,"February 7, 2022",DAL,ATL,103,94,6,9,29,25,26,23,26,24,26,18,32,13,12,18,6,14,2,21,56,10,4,22,7,12,0,7,88,43.2,36,44.4,13,84.6,12,36,25,8,5,14,25,95,38.9,25,20.0,16,93.8,15,35,21,7,4,12,18,11,25,14,5,4,36,19,0,13,5,10,12,2,1,23,23,1,6
202200274,"February 7, 2022",HOU,NOP,107,120,9,10,21,33,23,30,26,23,38,33,46,4,11,39,16,16,2,24,50,15,15,41,13,10,3,16,84,47.6,45,35.6,16,68.8,5,28,28,5,7,16,23,77,53.2,29,41.4,36,72.2,5,28,29,12,4,10,23,5,13,14,0,0,24,9,1,2,5,11,19,3,5,24,27,0,4
202200275,"February 7, 2022",LAC,MIL,113,137,11,3,32,19,30,32,28,32,39,38,30,7,9,61,3,10,0,13,46,28,26,23,5,10,0,12,96,41.7,46,39.1,16,93.8,10,34,26,6,2,10,20,88,54.5,38,50.0,27,81.5,7,43,28,6,4,10,15,13,31,6,1,0,30,26,1,4,5,12,12,2,2,35,33,2,8
202200276,"February 8, 2022",CHA,TOR,101,116,1,2,21,20,34,26,35,21,24,36,58,14,2,32,11,13,0,20,48,21,23,13,11,18,0,23,95,41.1,40,22.5,16,87.5,9,29,28,11,4,13,19,84,48.8,35,42.9,29,65.5,14,37,21,9,5,18,20,7,15,17,1,5,30,22,2,9,4,11,13,5,3,33,27,1,7
202200277,"February 8, 2022",WAS,MIA,100,121,0,1,24,29,17,30,39,21,31,30,58,10,0,53,6,16,1,26,40,12,35,56,7,18,1,26,80,45.0,31,22.6,23,91.3,7,26,25,10,0,16,18,76,56.6,32,56.3,21,81.0,5,32,29,9,1,18,23,3,7,14,1,3,23,21,1,5,9,24,23,2,1,16,17,0,5
202200278,"February 8, 2022",CHI,PHX,124,127,1,2,29,20,34,41,36,31,35,25,46,20,2,35,4,9,0,7,52,9,27,32,5,10,1,16,90,47.8,26,38.5,31,90.3,11,29,18,7,2,9,18,90,54.4,32,37.5,19,89.5,10,34,31,5,5,10,23,17,40,12,2,4,26,19,2,7,10,21,6,3,3,33,11,4,8
202200279,"February 8, 2022",OKC,GSW,98,110,5,4,23,23,26,26,20,36,29,25,52,8,8,21,5,17,1,26,46,2,16,46,7,15,0,13,90,41.1,36,30.6,17,76.5,18,32,21,8,2,17,14,82,50.0,43,34.9,17,76.5,6,34,30,12,3,15,19,8,17,14,5,3,20,34,1,5,11,27,19,3,8,39,27,0,7
202200280,"February 8, 2022",UTA,NYK,113,104,15,9,28,31,23,31,28,29,29,18,46,6,11,30,8,10,2,16,40,4,12,11,15,16,0,29,93,41.9,48,25.0,27,85.2,14,35,19,6,6,10,26,95,37.9,33,24.2,35,68.6,20,36,18,8,3,16,23,16,34,10,2,0,35,15,0,3,5,12,10,2,1,26,24,1,10
202200281,"February 9, 2022",PHI,PHX,109,114,16,8,25,34,25,25,29,26,28,31,50,19,14,20,8,14,1,27,54,10,7,30,3,8,0,9,89,46.1,32,31.3,18,94.4,6,38,24,7,4,14,22,95,45.3,26,23.1,24,91.7,11,37,27,7,5,8,15,8,17,12,1,4,34,11,0,11,10,21,12,3,1,35,18,1,6
202200282,"February 9, 2022",ATL,IND,133,112,0,1,40,36,30,27,22,28,25,37,56,5,35,53,8,14,2,13,48,13,0,32,9,13,0,19,90,57.8,33,51.5,16,75.0,10,33,36,8,7,14,26,93,39.8,31,32.3,33,84.8,18,25,22,10,4,13,16,19,45,20,1,3,38,19,2,7,5,10,13,3,1,29,21,2,4
202200283,"February 9, 2022",BKN,BOS,91,126,0,0,16,27,28,20,35,34,28,29,54,6,0,70,14,13,1,20,64,16,35,42,8,13,1,14,99,38.4,36,27.8,13,38.5,15,25,22,6,4,13,18,91,54.9,40,35.0,16,75.0,11,41,32,6,8,13,14,10,24,17,3,2,17,21,1,3,6,13,7,5,6,43,25,1,5
202200284,"February 9, 2022",MEM,LAC,135,109,4,6,38,32,34,31,27,28,19,35,78,22,34,55,6,13,0,16,46,8,2,69,9,17,0,21,103,51.5,26,34.6,25,80.0,21,34,26,12,6,13,18,89,44.9,31,35.5,24,75.0,11,29,25,8,7,17,17,14,32,22,2,1,30,14,0,4,14,35,13,4,0,35,8,1,3
202200285,"February 9, 2022",NOP,HOU,110,97,1,0,35,29,22,24,30,23,23,21,52,8,19,38,5,19,0,16,38,15,8,19,10,21,0,25,80,52.5,32,25.0,20,90.0,8,35,27,10,10,19,29,86,37.2,42,31.0,31,64.5,18,29,19,8,3,21,23,8,19,14,1,4,35,29,0,7,4,11,9,4,4,31,16,1,8
202200286,"February 9, 2022",DAL,DET,116,86,6,5,36,29,33,18,26,25,20,15,36,16,37,29,7,13,0,17,46,6,4,33,6,15,0,17,79,50.6,36,50.0,23,78.3,6,41,24,10,5,13,18,87,37.9,30,16.7,22,68.2,13,32,20,5,2,15,24,6,15,17,1,2,35,12,0,2,6,13,12,4,0,28,26,0,6
202200287,"February 9, 2022",DEN,NYK,132,115,7,5,40,43,28,21,36,24,34,21,54,21,27,61,7,13,0,13,54,8,5,34,4,8,1,19,85,54.1,39,41.0,31,77.4,12,40,31,5,1,13,18,101,44.6,43,34.9,12,83.3,14,27,25,9,3,8,25,9,22,13,3,3,44,23,4,6,7,17,13,5,3,32,31,4,6
202200288,"February 9, 2022",LAL,MIL,116,131,8,2,24,32,29,31,38,40,31,22,64,9,2,30,8,16,0,25,64,15,30,16,14,11,1,11,85,51.8,32,31.3,30,60.0,12,29,28,7,6,16,20,96,54.2,36,41.7,20,60.0,11,31,31,10,4,11,24,4,10,13,1,2,26,16,1,7,6,14,15,0,2,18,11,1,6
202200289,"February 9, 2022",POR,ORL,95,113,9,4,28,19,32,16,32,30,21,30,36,17,3,26,8,13,0,16,42,14,20,45,5,14,1,23,91,35.2,38,28.9,26,76.9,17,33,21,9,5,13,12,90,48.9,38,50.0,8,75.0,10,40,34,8,7,14,18,4,9,12,1,1,30,30,0,0,2,6,10,2,2,27,25,2,1
202200290,"February 9, 2022",SAC,MIN,114,134,15,5,35,32,23,24,35,38,29,32,52,9,3,32,8,19,0,16,50,29,25,72,9,12,2,8,83,49.4,25,36.0,26,88.5,5,33,29,4,3,19,20,104,48.1,44,50.0,17,70.6,16,33,34,10,4,12,24,8,20,11,2,0,35,32,0,6,10,25,19,2,0,32,17,0,0
