id,date,hour,leagueMatchNb,idHome,homeTeam,idAway,awayTeam,h_score,a_score,h_possession,h_duelsWon,h_aerialDuelsWon,h_interceptions,h_offPlays,h_corners,h_passes,h_longPasses,h_succeededPasses,h_succeededPassesOppositeSide,h_centers,h_succeededCenters,h_shots,h_targetedShots,h_counteredShots,h_extSurfaceShots,h_intSurfaceShots,h_precisionShots,h_tackles,h_succeededTackles,h_clears,h_concededFaults,h_yellowCards,h_redCards,a_possession,a_duelsWon,a_aerialDuelsWon,a_interceptions,a_offPlays,a_corners,a_passes,a_longPasses,a_succeededPasses,a_succeededPassesOppositeSide,a_centers,a_succeededCenters,a_shots,a_targetedShots,a_counteredShots,a_extSurfaceShots,a_intSurfaceShots,a_precisionShots,a_tackles,a_succeededTackles,a_clears,a_concededFaults,a_yellowCards,a_redCards
69289,20210724,1500,1,11,SCB,8,NO,1,1,59.5,48.2,66.7,8,1,4,459,68,83.2,71.2,18,27.8,11,4,0,5,6,36.4,12,41.7,7,25,2,0,40.5,51.8,33.3,9,1,2,315,58,74.0,54.4,13,30.8,10,5,4,2,8,50.0,19,57.9,15,15,2,0
69288,20210724,1900,1,17,ASC,4,AJA,1,2,46.5,45.6,33.3,6,5,9,366,65,76.8,54.0,21,28.6,10,4,3,3,7,40.0,9,77.8,12,12,2,0,53.5,54.4,66.7,14,0,5,428,51,81.5,67.0,18,22.2,12,5,1,4,8,41.7,13,53.8,22,18,3,0
69290,20210724,1900,1,2,SMC,20,RAF,4,0,47.6,53.5,51.3,11,2,2,379,63,81.8,69.0,10,20.0,13,5,5,7,6,38.5,17,47.1,25,16,1,0,52.4,46.5,48.7,11,3,8,405,65,81.5,70.0,27,33.3,15,7,3,8,7,46.7,12,58.3,9,13,2,0
69292,20210724,1900,1,10,USLD,9,QRM,1,1,59.8,52.8,41.2,12,1,5,437,67,79.4,60.8,16,18.8,7,3,1,1,6,42.9,21,52.4,8,18,3,0,40.2,47.2,58.8,17,0,5,290,62,63.8,50.0,12,16.7,5,3,1,1,4,60.0,13,76.9,18,27,1,0
69293,20210724,1900,1,19,GF38,1,PFC,0,4,44.7,42.4,44.4,4,1,5,431,52,84.2,68.8,6,33.3,2,0,0,1,1,0.0,8,25.0,10,9,2,0,55.3,57.6,55.6,6,2,10,532,70,86.8,65.2,19,31.6,18,11,5,4,14,61.1,13,30.8,6,8,0,0
69294,20210724,1900,1,12,HAC,13,EAG,0,0,46.0,50.0,41.7,12,0,4,393,59,76.1,64.7,14,28.6,14,4,5,7,7,28.6,19,68.4,14,14,1,0,54.0,50.0,58.3,13,5,5,452,62,81.0,64.4,24,29.2,16,3,5,8,8,18.8,18,55.6,16,23,2,0
69295,20210724,1900,1,5,PAUFC,16,ASNL,2,1,46.1,46.6,43.8,12,6,2,314,69,68.2,57.9,14,35.7,15,8,3,5,10,53.3,18,72.2,14,22,2,0,53.9,53.4,56.3,5,0,5,368,78,69.0,57.8,18,38.9,11,2,4,4,7,18.2,21,61.9,6,23,1,1
69296,20210724,1900,1,7,TFC,6,ACA,2,2,73.2,44.6,55.0,10,0,10,519,63,90.0,82.6,45,28.9,17,5,6,5,12,29.4,10,50.0,16,19,1,1,26.8,55.4,45.0,5,0,6,193,54,64.2,45.7,16,6.3,11,6,2,9,2,54.5,18,61.1,31,11,4,1
69297,20210724,1900,1,15,VAFC,14,CNFC,0,0,49.3,46.9,47.4,13,3,6,385,51,75.1,61.5,15,13.3,12,1,4,8,4,8.3,22,36.4,14,16,2,0,50.7,53.1,52.6,14,1,7,400,60,79.0,58.8,19,21.1,12,3,3,7,5,25.0,27,44.4,15,15,3,0
69291,20210726,2045,1,18,DFCO,3,FCSM,1,3,49.4,52.3,58.1,7,4,2,382,49,83.0,62.2,14,35.7,9,1,4,3,6,11.1,10,70.0,12,13,2,0,50.6,47.7,41.9,12,3,2,394,59,79.7,63.9,10,20.0,13,6,3,3,10,46.2,19,63.2,9,20,2,0
69302,20210731,1500,2,8,NO,18,DFCO,2,1,57.4,47.6,50.0,8,3,9,464,45,87.9,76.6,22,27.3,15,7,4,3,12,46.7,18,55.6,5,15,2,0,42.6,52.4,50.0,6,1,2,350,45,80.3,69.4,6,33.3,11,3,4,4,7,27.3,26,30.8,22,14,2,1
69298,20210731,1900,2,6,ACA,17,ASC,3,1,44.2,45.0,47.7,9,2,7,307,65,74.6,57.6,17,23.5,16,3,5,9,7,18.8,10,70.0,15,14,2,0,55.8,55.0,52.3,12,0,2,394,62,78.9,66.5,15,20.0,6,1,2,2,4,16.7,19,31.6,16,13,4,0
69300,20210731,1900,2,13,EAG,15,VAFC,1,1,63.9,47.6,43.5,11,3,5,541,53,80.4,63.7,23,26.1,11,2,4,1,10,18.2,13,61.5,7,21,4,0,36.1,52.4,56.5,18,2,3,309,63,65.7,52.3,10,30.0,7,2,2,3,4,28.6,19,52.6,18,19,2,0
69301,20210731,1900,2,16,ASNL,7,TFC,0,4,57.6,49.1,38.1,4,4,7,432,71,76.2,60.2,26,23.1,13,3,5,7,6,23.1,14,92.9,6,12,0,0,42.4,50.9,61.9,14,5,4,325,73,69.8,53.9,8,50.0,12,8,1,1,11,66.7,19,63.2,19,17,2,0
69303,20210731,1900,2,14,CNFC,2,SMC,0,1,62.6,56.3,40.0,8,1,6,625,56,88.0,69.9,10,10.0,6,3,1,2,4,50.0,13,76.9,9,18,0,1,37.4,43.7,60.0,8,3,3,361,61,80.9,63.5,12,8.3,9,3,4,4,5,33.3,14,57.1,9,25,2,0
69304,20210731,1900,2,1,PFC,10,USLD,2,1,57.6,47.3,46.4,10,2,9,474,65,82.5,65.3,21,33.3,12,7,2,4,8,58.3,10,40.0,12,14,0,0,42.4,52.7,53.6,12,0,3,347,65,75.2,52.1,17,11.8,8,2,3,4,4,25.0,16,43.8,13,18,1,0
69306,20210731,1900,2,20,RAF,5,PAUFC,1,0,36.7,53.0,54.3,10,0,5,257,71,68.1,54.5,23,13.0,8,5,0,3,5,62.5,16,62.5,15,9,0,1,63.3,47.0,45.7,9,2,3,462,62,81.4,70.5,16,25.0,6,2,0,3,3,33.3,18,66.7,17,12,2,1
69307,20210731,1900,2,3,FCSM,12,HAC,0,2,66.5,56.3,64.3,6,3,8,607,70,83.7,68.7,42,11.9,12,3,3,7,5,25.0,22,54.5,4,8,3,0,33.5,43.8,35.7,9,0,3,319,66,69.0,60.8,4,25.0,10,4,2,6,4,40.0,21,57.1,32,9,0,0
69299,20210802,2045,2,4,AJA,19,GF38,3,0,58.2,45.2,29.2,9,4,1,632,66,87.5,74.6,12,8.3,15,5,2,7,8,33.3,11,72.7,10,11,0,0,41.8,54.8,70.8,12,6,3,442,51,85.5,74.4,17,23.5,7,1,1,2,5,14.3,10,60.0,17,6,1,0
69305,20210818,1900,2,9,QRM,11,SCB,1,2,45.7,50.4,37.9,11,1,5,375,52,76.0,56.3,16,6.3,14,3,8,10,4,21.4,21,42.9,10,14,2,0,54.3,49.6,62.1,18,0,4,457,68,79.2,64.3,12,25.0,9,6,1,2,7,66.7,16,68.8,13,14,2,0
69311,20210807,1500,3,2,SMC,3,FCSM,1,2,48.7,44.5,48.6,9,0,3,383,57,79.9,66.5,17,11.8,15,5,6,7,8,33.3,14,42.9,18,13,0,1,51.3,55.5,51.4,11,1,7,406,53,80.5,67.9,19,31.6,17,7,3,10,7,41.2,21,61.9,26,10,1,0
69308,20210807,1900,3,17,ASC,9,QRM,1,3,64.6,48.8,69.2,13,1,6,491,75,77.2,64.5,28,25.0,11,3,3,6,5,27.3,17,47.1,11,18,0,0,35.4,51.2,30.8,13,2,1,276,71,59.4,49.3,3,33.3,11,5,2,2,9,45.5,30,36.7,23,15,2,1
69309,20210807,1900,3,4,AJA,6,ACA,0,0,68.9,50.0,54.1,8,4,6,560,108,82.0,62.5,27,11.1,8,2,3,4,4,25.0,14,71.4,6,13,3,0,31.1,50.0,45.9,11,3,2,255,61,61.2,42.1,10,20.0,5,1,0,0,5,20.0,18,50.0,28,13,4,0
69312,20210807,1900,3,18,DFCO,20,RAF,1,1,53.9,48.7,66.7,15,2,2,473,71,83.3,69.1,8,0.0,7,4,2,4,3,57.1,12,50.0,11,9,3,0,46.1,51.3,33.3,13,0,4,385,67,80.3,69.0,30,30.0,13,2,4,7,6,15.4,24,50.0,10,15,1,0
69313,20210807,1900,3,10,USLD,14,CNFC,1,2,61.4,51.6,54.4,13,4,5,438,77,74.2,58.1,28,28.6,9,2,2,2,7,22.2,14,57.1,12,12,1,0,38.6,48.4,45.6,13,4,4,285,73,55.8,40.7,7,42.9,4,3,0,0,4,75.0,17,76.5,16,15,0,0
69314,20210807,1900,3,19,GF38,13,EAG,0,0,43.0,44.7,59.1,15,1,3,401,63,79.8,67.0,11,9.1,9,4,2,7,2,44.4,13,53.8,11,11,2,0,57.0,55.3,40.9,10,1,3,538,53,84.8,75.1,14,14.3,8,1,3,3,5,12.5,16,75.0,11,9,2,1
69315,20210807,1900,3,12,HAC,1,PFC,1,2,46.2,49.6,58.8,13,3,6,440,32,80.0,65.9,20,40.0,11,3,2,2,9,27.3,17,47.1,10,9,0,1,53.8,50.4,41.2,15,1,2,522,92,81.0,61.5,14,14.3,9,2,0,3,6,22.2,23,60.9,15,12,1,0
69316,20210807,1900,3,5,PAUFC,7,TFC,0,1,46.8,44.6,33.3,12,2,4,400,79,78.8,68.9,27,22.2,14,4,3,6,8,28.6,20,80.0,12,7,1,0,53.2,55.4,66.7,14,1,1,471,74,82.0,62.4,10,0.0,4,2,2,1,3,50.0,30,33.3,22,13,1,0
69317,20210807,1900,3,15,VAFC,8,NO,0,3,61.7,45.2,46.7,18,0,5,552,35,85.0,74.8,21,23.8,14,2,3,9,5,14.3,18,55.6,9,9,2,0,38.3,54.8,53.3,20,1,3,349,44,75.4,62.2,7,28.6,7,3,2,4,3,42.9,34,50.0,16,18,2,0
69310,20210811,1900,3,11,SCB,16,ASNL,1,1,45.2,43.7,51.6,16,0,3,314,69,67.8,50.6,13,23.1,7,4,2,2,5,57.1,16,50.0,12,18,2,0,54.8,56.3,48.4,12,2,3,383,59,76.5,63.2,10,10.0,19,4,10,14,5,21.1,27,44.4,9,11,1,0
69327,20210814,1500,4,7,TFC,11,SCB,1,0,49.4,51.0,50.0,14,1,2,434,60,82.5,70.3,9,22.2,13,2,3,5,8,15.4,13,38.5,18,8,0,0,50.6,49.0,50.0,4,2,2,437,50,82.2,64.3,18,5.6,7,3,2,5,2,42.9,12,50.0,10,15,2,0
69319,20210814,1900,4,13,EAG,17,ASC,0,2,63.9,50.9,51.4,11,2,16,484,42,83.1,67.4,40,20.0,13,5,1,7,6,38.5,14,57.1,13,17,3,0,36.1,49.1,48.6,12,1,4,285,67,71.2,57.8,13,23.1,9,2,4,4,5,22.2,17,70.6,27,14,2,0
69320,20210814,1900,4,16,ASNL,15,VAFC,0,1,62.8,54.4,47.6,6,3,4,363,53,78.2,64.4,19,36.8,11,2,2,5,6,18.2,26,57.7,9,17,1,1,37.2,45.6,52.4,10,2,5,219,44,64.4,54.9,9,44.4,15,5,3,5,10,33.3,21,42.9,23,27,3,0
69321,20210814,1900,4,8,NO,5,PAUFC,0,0,55.4,50.0,47.2,6,0,9,470,44,82.3,69.0,28,28.6,13,3,2,4,9,23.1,22,77.3,18,12,0,0,44.6,50.0,52.8,7,1,5,373,60,76.9,70.2,22,22.7,11,1,2,6,5,9.1,17,82.4,22,15,0,0
69322,20210814,1900,4,14,CNFC,19,GF38,1,0,52.3,48.1,42.4,5,2,5,411,48,82.7,69.2,16,25.0,11,4,3,6,5,36.4,13,69.2,11,11,3,0,47.7,51.9,57.6,9,3,6,367,62,80.9,68.0,19,31.6,12,1,2,5,7,8.3,14,64.3,12,12,3,1
69324,20210814,1900,4,9,QRM,18,DFCO,2,1,30.4,53.8,48.5,13,3,2,223,57,64.1,57.5,14,42.9,18,5,5,9,9,27.8,22,68.2,25,17,1,0,69.6,46.2,51.5,6,3,6,528,71,82.6,68.2,18,16.7,11,5,1,4,7,45.5,13,76.9,11,18,3,0
69325,20210814,1900,4,20,RAF,12,HAC,0,0,51.4,51.5,54.8,2,3,3,385,83,81.3,68.2,25,12.0,10,2,3,6,4,20.0,10,80.0,5,15,1,0,48.6,48.5,45.2,6,1,1,369,72,76.4,64.4,11,27.3,5,0,1,1,4,0.0,12,75.0,18,13,1,0
69326,20210814,1900,4,3,FCSM,10,USLD,1,0,51.6,40.5,36.2,5,0,4,399,63,78.9,61.3,10,20.0,11,2,3,5,6,18.2,19,36.8,25,16,2,0,48.4,59.5,63.8,13,1,10,356,57,74.4,63.3,26,26.9,13,2,6,5,8,15.4,6,50.0,11,10,3,0
69323,20210816,2045,4,1,PFC,4,AJA,1,1,37.7,48.9,50.0,16,2,7,357,67,77.3,61.0,13,38.5,16,5,6,7,9,31.3,13,76.9,17,9,2,0,62.3,51.1,50.0,13,2,6,592,64,82.6,67.6,23,8.7,8,5,1,3,5,62.5,20,65.0,13,9,2,0
69669,20210825,1900,4,6,ACA,2,SMC,2,0,47.1,44.9,50.0,9,2,2,400,53,77.3,60.0,16,18.8,11,4,2,3,8,36.4,12,50.0,8,23,2,0,52.9,55.1,50.0,12,3,1,454,58,81.7,70.4,11,45.5,7,1,2,2,5,14.3,13,46.2,12,7,2,1
69332,20210821,1500,5,18,DFCO,7,TFC,2,4,41.9,53.4,57.9,6,0,5,337,64,76.9,61.1,12,16.7,16,4,3,7,9,25.0,16,50.0,6,17,3,0,58.1,46.6,42.1,6,0,3,473,68,84.4,71.6,11,27.3,15,7,3,5,10,46.7,17,52.9,19,16,3,0
69329,20210821,1900,5,17,ASC,3,FCSM,0,0,41.2,53.9,61.5,11,0,5,363,63,76.9,61.3,14,28.6,7,2,3,4,3,28.6,17,52.9,17,10,0,1,58.8,46.1,38.5,18,2,7,514,57,85.2,74.6,22,31.8,13,3,4,7,6,23.1,16,75.0,18,13,3,1
69331,20210821,1900,5,2,SMC,16,ASNL,1,0,41.2,52.7,64.3,16,2,5,326,63,71.2,59.9,10,30.0,11,4,1,4,7,36.4,27,63.0,12,16,0,0,58.8,47.3,35.7,12,1,4,457,59,82.1,66.5,20,25.0,11,3,2,5,6,27.3,23,47.8,14,12,1,0
69333,20210821,1900,5,10,USLD,8,NO,0,2,43.9,46.4,49.0,11,2,5,327,86,66.7,56.3,23,39.1,8,2,0,2,6,25.0,11,72.7,6,19,1,0,56.1,53.6,51.0,16,6,4,433,68,79.9,67.2,13,38.5,9,7,0,4,5,77.8,15,33.3,20,18,2,0
69334,20210821,1900,5,19,GF38,9,QRM,2,0,54.5,55.7,62.9,10,2,5,436,54,78.9,67.6,20,50.0,13,4,0,5,8,30.8,17,35.3,11,11,0,0,45.5,44.3,37.1,12,2,6,365,55,72.3,61.4,13,15.4,7,1,4,2,5,14.3,16,81.3,10,19,1,0
69335,20210821,1900,5,12,HAC,14,CNFC,2,1,39.8,49.6,45.0,13,1,6,317,55,73.8,57.8,16,25.0,14,5,3,8,6,35.7,17,35.3,18,16,3,0,60.2,50.4,55.0,15,3,1,493,56,82.4,66.7,13,23.1,8,3,0,1,7,37.5,9,55.6,13,17,3,0
69336,20210821,1900,5,5,PAUFC,11,SCB,2,0,41.7,50.8,43.5,14,2,6,341,61,76.2,62.8,17,35.3,16,5,7,6,10,31.3,18,77.8,29,11,2,0,58.3,49.2,56.5,17,1,8,463,51,82.9,66.9,30,16.7,11,1,3,3,8,9.1,13,69.2,16,11,2,1
69337,20210821,1900,5,15,VAFC,20,RAF,1,4,57.5,50.0,46.4,11,0,5,429,56,82.5,63.6,26,15.4,10,3,2,4,6,30.0,14,50.0,11,15,2,1,42.5,50.0,53.6,11,1,7,317,60,81.1,70.9,21,23.8,13,9,1,5,8,69.2,11,45.5,19,15,3,0
69330,20210823,2045,5,4,AJA,13,EAG,1,2,66.6,49.6,55.3,9,0,7,592,73,85.1,74.8,32,15.6,14,4,1,6,8,28.6,20,70.0,5,14,2,0,33.4,50.4,44.7,21,1,2,308,58,73.4,62.3,6,33.3,7,2,1,3,4,28.6,17,47.1,32,12,1,0
69328,20210914,1900,5,6,ACA,1,PFC,1,0,49.1,45.9,52.2,19,2,2,435,54,77.2,66.8,10,30.0,11,3,5,6,5,27.3,9,55.6,21,10,0,0,50.9,54.1,47.8,13,2,4,452,72,74.1,59.1,11,36.4,7,3,1,1,6,42.9,19,73.7,15,10,1,1
69341,20210828,1500,6,8,NO,2,SMC,0,0,49.8,52.7,44.0,7,4,6,443,64,81.9,68.7,15,0.0,9,2,2,2,7,22.2,22,59.1,9,13,2,0,50.2,47.3,56.0,12,0,2,447,73,78.5,64.7,14,28.6,9,1,3,3,6,11.1,21,57.1,14,16,2,0
69347,20210828,1500,6,7,TFC,15,VAFC,1,0,62.3,49.6,56.7,9,4,7,476,60,85.1,68.8,19,26.3,15,4,6,6,9,26.7,25,60.0,11,22,3,0,37.7,50.4,43.3,10,1,5,284,62,74.3,58.2,12,25.0,12,4,2,5,7,33.3,21,81.0,16,13,0,0
69338,20210828,1900,6,11,SCB,12,HAC,0,0,66.5,45.5,43.2,12,5,7,497,86,81.5,64.7,25,32.0,17,4,3,6,11,23.5,11,54.5,9,13,2,0,33.5,54.5,56.8,8,2,2,258,64,63.2,60.0,6,0.0,6,2,2,4,2,33.3,14,71.4,21,14,2,0
69339,20210828,1900,6,13,EAG,6,ACA,1,1,52.8,50.8,50.0,11,4,8,420,63,79.5,65.7,15,20.0,8,3,2,2,6,37.5,16,50.0,14,13,0,0,47.2,49.2,50.0,19,2,5,374,60,74.9,62.7,15,33.3,8,4,1,3,5,50.0,29,72.4,13,17,0,0
69340,20210828,1900,6,16,ASNL,4,AJA,1,4,53.9,62.4,67.9,3,4,7,409,51,78.2,62.8,22,22.7,17,4,6,5,12,23.5,16,75.0,17,9,1,0,46.1,37.6,32.1,14,1,7,356,78,73.0,63.3,16,37.5,17,8,5,4,13,47.1,13,30.8,17,14,2,0
69342,20210828,1900,6,14,CNFC,17,ASC,0,0,51.2,50.4,27.3,9,0,6,463,60,80.6,62.6,16,25.0,17,6,4,6,11,35.3,24,50.0,10,7,2,0,48.8,49.6,72.7,8,0,6,443,80,79.0,60.1,16,12.5,7,0,4,4,3,0.0,27,63.0,15,8,1,0
69343,20210828,1900,6,5,PAUFC,18,DFCO,2,0,39.3,40.7,26.5,15,3,3,292,83,65.1,47.1,16,12.5,6,5,1,2,4,83.3,17,88.2,23,16,1,0,60.7,59.3,73.5,12,3,3,444,57,82.0,67.9,35,22.9,13,6,1,5,8,46.2,26,50.0,18,14,1,0
69344,20210828,1900,6,9,QRM,1,PFC,0,1,28.1,50.5,55.0,18,1,3,240,69,65.4,50.3,15,33.3,10,2,3,5,5,20.0,14,57.1,25,9,3,1,71.9,49.5,45.0,14,1,7,637,55,86.0,74.7,31,22.6,24,7,6,10,14,29.2,18,55.6,13,12,2,0
69345,20210828,1900,6,20,RAF,10,USLD,2,2,58.1,51.2,53.7,8,3,4,395,100,73.4,56.8,21,38.1,11,4,3,3,8,36.4,13,53.8,10,15,2,0,41.9,48.8,46.3,12,2,1,289,75,58.8,48.2,13,0.0,8,2,0,3,5,25.0,18,50.0,20,16,3,0
69346,20210828,1900,6,3,FCSM,19,GF38,1,0,49.9,46.8,43.2,11,2,4,455,76,75.8,61.5,16,37.5,10,3,2,5,5,30.0,14,50.0,14,10,2,0,50.1,53.2,56.8,18,1,0,460,59,77.0,60.4,8,12.5,5,0,2,3,2,0.0,17,35.3,8,15,1,0
69356,20210911,1500,7,1,PFC,13,EAG,0,1,51.8,45.7,47.8,9,2,8,458,55,83.6,71.1,29,31.0,18,11,4,6,12,61.1,22,59.1,6,17,0,0,48.2,54.3,52.2,17,4,1,438,58,81.7,64.2,13,7.7,5,2,1,2,3,40.0,24,58.3,17,12,0,0
69348,20210911,1900,7,6,ACA,3,FCSM,1,0,46.0,46.6,57.9,13,1,5,363,65,73.0,65.2,15,33.3,11,5,5,4,7,45.5,11,45.5,17,13,5,0,54.0,53.4,42.1,10,6,6,425,71,72.0,59.6,20,35.0,7,1,2,1,6,14.3,19,52.6,13,8,2,0
69349,20210911,1900,7,17,ASC,20,RAF,0,1,63.7,56.6,63.4,12,0,1,547,64,82.3,74.8,12,41.7,13,1,1,7,6,7.7,17,58.8,11,13,2,0,36.3,43.4,36.6,17,2,4,305,75,68.9,59.6,15,46.7,14,5,1,5,9,35.7,18,83.3,15,10,2,0
69350,20210911,1900,7,4,AJA,14,CNFC,4,0,60.7,51.9,57.1,10,3,6,608,71,84.7,69.0,18,16.7,13,6,2,4,9,46.2,17,52.9,14,10,0,0,39.3,48.1,42.9,12,3,2,384,56,76.3,61.6,14,28.6,13,5,4,6,7,38.5,13,61.5,20,6,0,0
69351,20210911,1900,7,2,SMC,5,PAUFC,1,2,53.0,51.3,58.6,6,0,5,456,42,84.6,75.7,22,31.8,16,6,1,9,7,37.5,16,68.8,12,12,1,0,47.0,48.7,41.4,11,0,6,408,56,82.4,64.6,18,22.2,10,5,1,5,5,50.0,25,60.0,21,13,2,0
69352,20210911,1900,7,18,DFCO,11,SCB,2,1,45.9,48.8,47.7,4,0,6,327,65,73.4,57.7,20,10.0,9,3,4,3,6,33.3,22,81.8,15,16,3,0,54.1,51.2,52.3,10,2,4,393,72,79.1,61.9,16,6.3,12,5,1,6,6,41.7,13,76.9,27,13,3,0
69353,20210911,1900,7,10,USLD,16,ASNL,0,0,59.2,52.1,51.2,6,0,6,393,46,73.0,65.3,25,20.0,19,3,4,8,11,15.8,25,56.0,9,25,3,0,40.8,47.9,48.8,6,2,3,280,70,66.8,56.0,9,33.3,12,6,1,4,8,50.0,18,61.1,13,23,2,1
69354,20210911,1900,7,19,GF38,8,NO,2,1,58.1,53.6,58.6,8,0,12,441,59,82.3,73.6,32,37.5,17,2,3,8,9,11.8,24,50.0,15,11,4,0,41.9,46.4,41.4,8,0,3,330,49,78.5,67.6,11,27.3,9,3,1,3,6,33.3,18,55.6,28,15,4,0
69357,20210911,1900,7,15,VAFC,9,QRM,1,2,55.0,47.4,57.1,7,2,4,372,62,78.5,62.7,20,15.0,7,1,3,3,4,14.3,21,71.4,20,17,2,0,45.0,52.6,42.9,11,5,5,302,66,73.2,56.2,21,19.0,13,3,2,5,8,23.1,26,76.9,21,16,3,0
69355,20210913,2045,7,12,HAC,7,TFC,1,1,41.4,48.5,40.0,9,1,9,351,58,74.9,60.5,20,15.0,10,4,2,5,5,40.0,13,69.2,15,3,1,1,58.6,51.5,60.0,15,5,6,514,64,80.7,65.8,15,40.0,9,2,3,1,8,22.2,21,33.3,18,13,4,0
69366,20210918,1500,8,3,FCSM,1,PFC,2,0,46.7,52.2,50.0,20,5,3,417,79,78.4,55.9,13,15.4,12,4,3,5,7,33.3,16,62.5,16,10,1,0,53.3,47.8,50.0,13,0,3,472,81,74.4,62.0,17,23.5,6,2,1,3,3,33.3,18,55.6,7,13,2,0
69367,20210918,1500,8,7,TFC,19,GF38,4,1,62.9,47.8,50.0,12,3,4,629,72,88.4,77.1,19,21.1,17,10,3,4,13,58.8,15,66.7,3,17,2,0,37.1,52.2,50.0,15,1,2,374,43,78.3,65.4,7,28.6,7,2,1,5,2,28.6,12,66.7,16,12,0,0
69358,20210918,1900,8,11,SCB,2,SMC,1,1,47.2,47.1,56.8,15,5,1,414,71,76.3,61.0,11,9.1,4,3,0,0,4,75.0,12,58.3,22,9,2,0,52.8,52.9,43.2,11,1,6,450,56,81.3,66.0,24,12.5,11,3,1,7,4,27.3,22,68.2,9,10,1,0
69359,20210918,1900,8,18,DFCO,10,USLD,2,0,47.7,48.6,51.4,6,5,8,335,76,69.3,54.7,17,23.5,14,5,4,7,7,35.7,17,52.9,10,18,2,0,52.3,51.4,48.6,2,4,4,371,60,72.2,56.4,16,37.5,9,3,2,2,7,33.3,11,72.7,20,16,3,0
69360,20210918,1900,8,16,ASNL,12,HAC,1,1,60.9,55.9,46.4,13,6,4,413,70,76.5,58.4,17,5.9,13,5,3,6,7,38.5,23,69.6,13,17,2,1,39.1,44.1,53.6,14,0,3,263,54,62.0,52.3,13,23.1,8,5,1,6,2,62.5,12,41.7,22,14,2,0
69361,20210918,1900,8,8,NO,17,ASC,3,3,45.5,46.0,36.7,15,1,3,354,54,76.8,64.3,13,30.8,12,6,0,7,5,50.0,15,66.7,25,19,4,0,54.5,54.0,63.3,14,0,6,416,60,77.9,63.7,24,29.2,16,7,2,3,13,43.8,9,77.8,16,14,3,0
69362,20210918,1900,8,14,CNFC,13,EAG,2,0,41.0,52.8,52.2,2,2,3,335,58,75.5,58.9,11,9.1,10,4,2,5,5,40.0,13,69.2,25,11,2,0,59.0,47.2,47.8,14,4,5,480,53,82.3,65.2,20,20.0,10,3,4,4,6,30.0,18,61.1,10,19,3,0
69363,20210918,1900,8,5,PAUFC,15,VAFC,1,1,46.1,49.0,30.4,7,3,6,397,59,82.6,63.9,26,19.2,6,3,2,0,6,50.0,13,69.2,21,15,4,0,53.9,51.0,69.6,7,0,5,468,47,85.7,73.8,25,36.0,15,4,3,3,12,26.7,14,64.3,20,15,2,0
69364,20210918,1900,8,9,QRM,4,AJA,0,0,29.6,45.3,44.0,7,3,1,260,61,66.2,47.1,5,20.0,8,4,2,0,8,50.0,15,46.7,30,18,2,0,70.4,54.7,56.0,8,3,4,616,73,84.4,68.9,20,30.0,11,3,4,4,7,27.3,15,80.0,8,13,1,1
69365,20210918,1900,8,20,RAF,6,ACA,0,2,57.5,58.8,59.6,14,0,5,479,106,78.1,65.3,37,21.6,15,7,3,8,7,46.7,12,66.7,9,5,0,0,42.5,41.2,40.4,9,0,3,366,74,70.8,56.7,10,30.0,6,3,1,1,5,50.0,14,64.3,37,15,3,0
69368,20210921,2000,9,6,ACA,14,CNFC,0,0,61.4,47.2,53.8,7,0,5,440,60,79.8,62.6,30,13.3,12,6,1,5,7,50.0,12,75.0,8,19,3,0,38.6,52.8,46.2,10,2,1,288,68,75.7,63.8,6,16.7,5,1,2,3,2,20.0,13,84.6,30,15,3,0
69369,20210921,2000,9,17,ASC,5,PAUFC,2,2,47.8,55.7,56.7,13,0,7,406,73,79.3,66.5,19,21.1,10,4,5,2,8,40.0,18,61.1,21,11,0,0,52.2,44.3,43.3,8,2,7,434,28,84.8,67.8,26,15.4,11,6,2,3,8,54.5,10,60.0,22,17,2,0
69370,20210921,2000,9,4,AJA,20,RAF,1,0,59.7,54.5,47.2,6,1,8,541,99,81.1,65.2,26,15.4,16,8,2,7,9,50.0,19,52.6,10,9,0,0,40.3,45.5,52.8,16,2,2,368,82,70.1,58.4,11,9.1,11,2,0,6,5,18.2,8,37.5,28,11,0,0
69371,20210921,2000,9,2,SMC,18,DFCO,0,1,62.4,51.7,50.0,18,1,3,511,60,80.2,68.0,18,22.2,15,4,3,5,10,26.7,18,77.8,8,12,0,1,37.6,48.3,50.0,17,2,3,311,69,67.2,58.5,8,12.5,10,2,2,6,4,20.0,22,50.0,19,17,3,0
69372,20210921,2000,9,10,USLD,7,TFC,0,2,35.4,52.0,45.8,12,4,1,284,74,65.8,51.4,15,13.3,7,1,0,3,4,14.3,18,44.4,21,17,2,0,64.6,48.0,54.2,6,4,2,528,80,81.4,67.2,15,33.3,14,5,3,2,12,35.7,9,66.7,12,21,2,0
69373,20210921,2000,9,19,GF38,16,ASNL,4,1,33.8,51.6,56.8,17,4,3,233,68,62.7,55.3,9,55.6,12,8,1,2,10,66.7,16,37.5,21,15,1,1,66.2,48.4,43.2,14,0,4,453,56,79.5,67.1,24,20.8,17,2,2,9,8,11.8,18,61.1,6,17,3,0
69374,20210921,2000,9,13,EAG,3,FCSM,1,2,57.8,58.3,64.7,9,4,5,413,60,80.1,63.8,23,34.8,17,3,5,6,11,17.6,9,55.6,16,17,5,0,42.2,41.7,35.3,8,2,2,301,64,75.7,54.5,14,14.3,5,2,0,1,4,40.0,16,62.5,22,18,5,0
69375,20210921,2000,9,12,HAC,9,QRM,1,0,53.0,51.2,46.7,11,2,0,431,62,77.3,61.0,9,22.2,10,2,3,1,9,20.0,19,63.2,24,17,1,0,47.0,48.8,53.3,13,1,7,361,78,72.3,58.6,26,15.4,9,3,5,4,5,33.3,16,56.3,10,23,2,0
69376,20210921,2000,9,1,PFC,8,NO,2,0,39.4,46.2,32.0,10,2,3,402,66,76.6,68.9,13,0.0,13,6,3,3,10,46.2,22,50.0,16,14,1,0,60.6,53.8,68.0,15,1,3,619,56,88.2,79.0,19,15.8,7,1,1,3,4,14.3,6,66.7,10,9,1,0
69377,20210921,2000,9,15,VAFC,11,SCB,2,1,50.4,52.5,63.9,13,4,6,413,58,78.0,60.5,19,10.5,10,5,2,5,5,50.0,25,60.0,17,16,3,0,49.6,47.5,36.1,22,3,6,395,46,78.7,61.1,28,21.4,10,3,3,2,8,30.0,20,80.0,17,11,2,0
69379,20210924,2100,10,18,DFCO,15,VAFC,0,1,59.4,56.3,58.8,12,0,12,519,85,78.0,63.4,44,29.5,19,5,3,5,14,26.3,20,70.0,3,17,2,0,40.6,43.7,41.2,23,3,1,374,71,71.7,57.9,3,33.3,6,3,1,3,3,50.0,19,52.6,21,18,4,0
69380,20210924,2100,10,16,ASNL,17,ASC,1,1,72.7,42.7,43.5,6,0,9,527,53,84.4,74.1,44,18.2,15,3,1,6,9,20.0,8,100.0,5,21,1,0,27.3,57.3,56.5,9,1,1,211,71,57.8,51.5,3,33.3,6,2,0,3,3,33.3,17,70.6,27,18,1,2
69381,20210924,2100,10,8,NO,12,HAC,0,1,63.3,43.1,34.2,14,1,7,551,52,80.6,62.1,26,19.2,10,3,5,2,8,30.0,20,65.0,5,12,1,0,36.7,56.9,65.8,27,0,2,326,63,73.9,64.6,9,44.4,12,5,2,4,8,41.7,22,68.2,17,9,2,0
69382,20210924,2100,10,14,CNFC,1,PFC,4,1,37.6,44.8,44.0,20,1,0,339,55,76.4,56.6,7,14.3,9,5,1,3,6,55.6,18,33.3,28,14,1,0,62.4,55.2,56.0,7,1,9,537,52,85.3,74.6,41,41.5,23,9,4,5,18,39.1,16,43.8,6,12,2,0
69383,20210924,2100,10,5,PAUFC,10,USLD,1,2,67.5,49.4,50.0,10,3,5,562,53,88.1,79.4,35,28.6,25,9,8,12,13,36.0,13,30.8,4,19,1,2,32.5,50.6,50.0,7,0,1,282,74,72.0,62.9,4,25.0,6,3,1,1,5,50.0,12,83.3,38,8,5,2
69384,20210924,2100,10,9,QRM,13,EAG,2,2,35.2,42.5,33.3,15,4,3,313,77,67.1,54.8,13,7.7,8,3,1,5,3,37.5,22,59.1,23,15,3,0,64.8,57.5,66.7,3,3,9,577,36,83.7,67.4,22,4.5,13,4,0,7,6,30.8,14,50.0,12,9,3,0
69385,20210924,2100,10,20,RAF,19,GF38,1,1,57.6,48.5,51.2,12,1,7,445,78,79.3,72.9,41,22.0,18,5,1,8,10,27.8,7,71.4,11,11,2,0,42.4,51.5,48.8,8,0,2,337,72,70.6,52.1,17,11.8,4,1,1,2,2,25.0,15,66.7,29,12,1,0
69386,20210924,2100,10,3,FCSM,4,AJA,0,0,51.3,48.4,53.3,11,1,4,421,58,78.4,62.5,21,14.3,12,4,2,4,8,33.3,10,80.0,10,12,0,0,48.7,51.6,46.7,9,0,5,406,73,74.4,58.8,16,6.3,6,1,1,3,3,16.7,19,63.2,20,12,2,0
69378,20210925,1500,10,11,SCB,6,ACA,2,0,40.8,50.0,45.9,13,2,0,334,78,73.4,52.6,6,33.3,6,5,0,2,4,83.3,14,28.6,15,15,1,0,59.2,50.0,54.1,8,1,2,480,67,79.0,58.4,15,13.3,6,0,3,3,3,0.0,14,42.9,2,21,3,0
69387,20210927,2045,10,7,TFC,2,SMC,2,3,67.9,49.1,50.0,6,1,6,570,68,87.9,81.9,17,35.3,20,5,5,10,10,25.0,15,46.7,7,16,3,0,32.1,50.9,50.0,13,0,3,274,63,69.0,59.3,6,16.7,10,4,1,2,8,40.0,16,37.5,17,13,1,0
69389,20211002,1500,11,17,ASC,7,TFC,0,0,33.3,50.0,36.4,13,0,2,253,49,73.1,65.1,16,31.3,7,2,2,4,3,28.6,13,76.9,20,12,1,0,66.7,50.0,63.6,9,3,11,507,49,83.4,75.0,32,31.3,16,3,4,5,11,18.8,11,54.5,7,15,2,0
69390,20211002,1500,11,4,AJA,8,NO,2,2,43.9,51.6,56.3,9,3,1,429,65,78.1,70.1,12,8.3,10,3,3,6,4,30.0,42,50.0,11,19,2,0,56.1,48.4,43.8,8,4,3,551,67,82.0,71.2,13,46.2,13,6,2,4,9,46.2,20,65.0,9,9,3,0
69388,20211002,1900,11,6,ACA,9,QRM,0,1,63.5,48.7,55.2,14,2,6,503,56,79.5,67.9,22,18.2,11,1,4,4,7,9.1,18,77.8,6,20,2,0,36.5,51.3,44.8,13,1,2,296,73,62.8,54.0,2,0.0,4,3,0,2,2,75.0,21,38.1,25,17,5,1
69391,20211002,1900,11,2,SMC,15,VAFC,1,2,61.0,50.5,68.2,15,1,9,542,53,84.5,71.3,28,17.9,18,4,5,10,8,22.2,14,35.7,7,11,1,0,39.0,49.5,31.8,14,7,3,352,55,75.9,56.9,10,0.0,12,7,0,3,9,58.3,19,57.9,29,13,2,0
69392,20211002,1900,11,10,USLD,11,SCB,2,0,47.0,60.2,70.0,22,1,4,382,66,73.6,59.0,17,17.6,9,6,0,4,5,66.7,11,54.5,13,12,1,0,53.0,39.8,30.0,11,3,3,430,72,77.7,54.2,19,26.3,7,1,1,4,3,14.3,10,40.0,16,18,1,0
69393,20211002,1900,11,19,GF38,5,PAUFC,2,0,55.8,59.2,47.8,7,0,4,538,54,84.2,74.7,16,6.3,6,2,1,3,3,33.3,18,38.9,13,8,0,0,44.2,40.8,52.2,12,3,3,420,63,80.7,68.9,16,18.8,9,1,2,5,4,11.1,12,75.0,18,17,2,0
69394,20211002,1900,11,13,EAG,20,RAF,2,1,49.3,49.6,48.9,7,6,3,394,63,78.7,61.4,13,23.1,11,5,3,4,7,45.5,16,56.3,9,15,3,0,50.7,50.4,51.1,8,2,1,392,72,80.4,69.4,25,16.0,8,1,2,2,6,12.5,18,66.7,9,17,1,0
69395,20211002,1900,11,12,HAC,18,DFCO,2,0,35.8,41.3,42.1,12,1,3,313,67,72.8,51.4,10,30.0,9,4,3,3,6,44.4,10,50.0,19,14,2,0,64.2,58.7,57.9,8,1,4,559,59,82.1,69.7,22,36.4,13,4,2,5,8,30.8,16,62.5,7,10,0,0
69396,20211002,1900,11,1,PFC,16,ASNL,1,1,62.5,53.4,51.6,2,2,8,624,71,82.2,63.8,21,14.3,8,2,0,2,6,25.0,24,41.7,7,12,1,0,37.5,46.6,48.4,15,1,1,375,64,74.1,57.5,7,14.3,8,2,1,3,5,25.0,19,68.4,21,12,2,0
69397,20211002,1900,11,3,FCSM,14,CNFC,1,0,57.9,46.5,48.0,11,1,3,504,61,82.9,65.3,18,27.8,9,1,1,3,6,11.1,19,36.8,10,10,3,0,42.1,53.5,52.0,4,0,4,369,65,72.4,54.0,9,22.2,6,3,0,3,3,50.0,20,55.0,15,9,1,0
69406,20211016,1500,12,7,TFC,4,AJA,6,0,53.5,50.0,72.2,16,5,8,479,63,84.6,75.1,22,27.3,15,7,3,4,11,46.7,12,41.7,7,15,2,0,46.5,50.0,27.8,12,6,3,426,64,82.4,69.9,7,14.3,5,1,2,4,1,20.0,16,81.3,16,11,0,1
69398,20211016,1900,12,11,SCB,19,GF38,0,0,45.2,45.5,48.7,11,1,7,398,53,77.4,64.0,33,24.2,15,2,5,6,9,13.3,13,84.6,14,13,0,0,54.8,54.5,51.3,10,0,4,504,58,81.3,71.0,12,8.3,9,4,1,5,4,44.4,20,45.0,18,14,2,0
69399,20211016,1900,12,2,SMC,12,HAC,2,2,51.8,56.7,50.0,9,1,5,450,77,79.3,61.8,17,17.6,9,3,3,5,4,33.3,27,59.3,7,14,1,0,48.2,43.3,50.0,7,3,5,424,50,81.6,71.0,14,28.6,7,2,0,2,5,28.6,15,53.3,15,11,3,0
69400,20211016,1900,12,18,DFCO,17,ASC,1,0,45.4,51.3,45.5,9,0,2,386,68,72.3,59.9,15,13.3,9,3,1,4,5,33.3,22,40.9,18,12,1,1,54.6,48.7,54.5,11,4,3,454,59,81.3,71.9,25,36.0,12,0,3,5,7,0.0,11,54.5,16,10,0,0
69401,20211016,1900,12,16,ASNL,13,EAG,2,1,51.3,48.7,54.8,11,3,7,405,49,81.2,66.0,22,27.3,16,5,5,7,9,31.3,16,50.0,13,18,1,1,48.7,51.3,45.2,13,1,5,385,67,77.1,60.3,16,25.0,6,3,0,1,5,50.0,22,54.5,17,16,4,0
69403,20211016,1900,12,5,PAUFC,1,PFC,1,0,41.7,53.8,33.3,11,3,1,411,76,76.6,60.8,19,15.8,11,4,2,3,8,36.4,18,66.7,22,9,0,0,58.3,46.2,66.7,9,2,3,579,68,84.3,70.5,21,28.6,11,3,6,8,3,27.3,7,28.6,10,16,0,0
69404,20211016,1900,12,9,QRM,14,CNFC,0,3,53.1,42.5,33.3,8,1,3,443,41,80.6,65.6,19,10.5,6,2,2,4,2,33.3,20,55.0,10,21,1,0,46.9,57.5,66.7,10,0,3,397,54,81.9,64.7,12,50.0,11,5,1,4,7,45.5,29,44.8,16,13,3,0
69405,20211016,1900,12,20,RAF,3,FCSM,0,1,39.5,51.7,71.9,15,2,1,304,70,71.1,62.0,12,33.3,5,1,4,1,4,20.0,13,69.2,11,15,3,0,60.5,48.3,28.1,10,2,3,465,102,82.2,64.3,14,7.1,7,1,2,2,5,14.3,22,50.0,15,18,1,0
69407,20211016,1900,12,15,VAFC,10,USLD,1,3,71.1,50.5,47.1,7,2,9,517,46,85.7,71.5,43,27.9,18,3,5,2,16,16.7,8,37.5,8,16,3,0,28.9,49.5,52.9,7,1,2,223,58,62.3,56.7,4,50.0,8,6,0,4,4,75.0,15,40.0,39,20,4,0
69402,20211018,2045,12,8,NO,6,ACA,0,2,63.4,49.5,50.0,7,0,8,559,72,80.9,66.7,30,10.0,8,2,0,3,5,25.0,6,66.7,7,12,2,0,36.6,50.5,50.0,20,1,4,332,80,65.4,61.2,10,60.0,12,6,2,4,8,50.0,18,77.8,21,21,2,0
69416,20211023,1500,13,1,PFC,7,TFC,2,2,30.2,45.0,36.4,10,2,6,253,61,58.9,45.7,15,20.0,8,2,2,2,6,25.0,15,40.0,30,10,2,0,69.8,55.0,63.6,9,0,10,580,63,81.2,68.1,32,15.6,15,3,5,5,10,20.0,13,69.2,10,13,1,0
69408,20211023,1900,13,6,ACA,16,ASNL,2,0,49.8,52.0,51.3,7,1,5,419,66,76.1,63.3,16,31.3,12,4,2,3,9,33.3,21,61.9,18,10,1,0,50.2,48.0,48.7,12,2,2,426,62,77.5,59.7,12,25.0,6,1,0,1,5,16.7,18,61.1,12,17,1,0
69409,20211023,1900,13,17,ASC,15,VAFC,3,0,46.7,58.7,68.0,18,0,4,378,61,78.8,64.5,17,17.6,5,3,1,1,4,60.0,24,54.2,23,14,3,0,53.3,41.3,32.0,5,0,4,426,35,82.4,70.8,25,24.0,11,2,3,5,6,18.2,15,73.3,14,15,1,0
69411,20211023,1900,13,10,USLD,2,SMC,1,1,53.7,64.6,60.7,10,2,6,457,42,82.3,65.3,27,25.9,12,3,6,5,7,25.0,24,62.5,30,11,0,0,46.3,35.4,39.3,13,0,6,393,56,80.2,59.7,21,9.5,10,4,2,7,3,40.0,11,63.6,21,9,0,0
69412,20211023,1900,13,19,GF38,18,DFCO,1,2,49.7,51.3,59.0,17,4,5,423,55,76.1,60.6,19,21.1,6,1,1,5,1,16.7,20,60.0,12,4,2,0,50.3,48.7,41.0,16,1,5,436,61,77.1,65.6,17,23.5,24,8,4,7,17,33.3,32,56.3,19,12,2,0
69413,20211023,1900,13,13,EAG,8,NO,3,1,46.2,50.5,71.9,8,1,8,388,55,77.8,66.8,25,24.0,23,8,6,11,12,34.8,15,66.7,14,10,1,0,53.8,49.5,28.1,12,1,6,466,69,79.4,65.3,18,33.3,6,1,1,2,4,16.7,17,76.5,13,7,4,0
69414,20211023,1900,13,12,HAC,5,PAUFC,1,0,52.6,52.0,65.2,17,0,3,487,68,83.6,75.5,12,41.7,11,2,4,4,7,18.2,16,50.0,18,11,1,0,47.4,48.0,34.8,12,3,11,421,59,81.0,64.2,26,11.5,10,6,3,6,4,60.0,20,70.0,7,12,2,0
69415,20211023,1900,13,14,CNFC,20,RAF,0,2,53.4,52.9,60.9,7,3,4,480,53,84.2,71.6,19,31.6,9,1,3,0,9,11.1,12,66.7,14,7,0,0,46.6,47.1,39.1,8,0,5,412,69,79.1,65.2,22,27.3,13,7,1,5,8,53.8,19,73.7,17,10,2,0
69417,20211023,1900,13,3,FCSM,9,QRM,1,1,70.8,47.7,51.6,11,3,7,633,57,84.0,68.7,23,0.0,9,4,3,2,7,44.4,21,57.1,6,15,2,0,29.2,52.3,48.4,15,3,0,265,67,57.7,49.4,2,0.0,7,3,1,3,4,42.9,24,70.8,14,14,2,0
69410,20211025,2045,13,4,AJA,11,SCB,1,0,55.1,41.9,40.0,20,0,1,531,97,76.3,58.7,9,11.1,6,4,1,2,4,66.7,17,47.1,16,10,2,0,44.9,58.1,60.0,13,5,3,425,71,73.2,59.3,18,11.1,10,3,2,5,5,30.0,28,75.0,10,10,1,0
69426,20211030,1500,14,7,TFC,13,EAG,2,2,63.2,43.8,43.2,12,3,13,473,81,86.7,76.4,32,31.3,12,3,1,5,7,25.0,13,61.5,10,14,2,0,36.8,56.2,56.8,8,0,1,284,62,74.6,64.8,12,25.0,12,4,3,3,9,33.3,15,53.3,22,12,2,0
69418,20211030,1900,14,11,SCB,17,ASC,0,0,52.0,43.8,46.2,18,6,3,438,59,79.5,69.1,22,9.1,15,4,4,8,7,26.7,19,63.2,11,14,2,0,48.0,56.3,53.8,19,3,3,416,90,76.0,62.6,10,20.0,10,3,2,2,8,30.0,16,37.5,23,5,3,0
69419,20211030,1900,14,2,SMC,19,GF38,0,1,57.6,50.5,65.5,12,2,5,556,54,82.4,70.1,24,20.8,11,3,2,1,10,27.3,11,54.5,3,11,1,0,42.4,49.5,34.5,23,3,1,414,68,79.5,63.0,8,37.5,11,5,3,1,10,45.5,21,61.9,23,7,2,0
69420,20211030,1900,14,18,DFCO,1,PFC,0,1,65.9,55.5,51.2,12,0,13,527,72,82.5,67.4,43,23.3,22,3,6,6,16,13.6,14,50.0,13,10,1,0,34.1,44.5,48.8,6,0,7,277,72,62.5,54.4,18,16.7,8,2,1,1,7,25.0,16,37.5,27,20,3,0
69421,20211030,1900,14,10,USLD,12,HAC,1,0,41.7,47.5,60.0,13,2,4,336,61,71.4,59.3,15,20.0,12,6,2,3,9,50.0,16,81.3,18,17,2,0,58.3,52.5,40.0,14,2,3,480,66,81.0,70.3,15,26.7,11,1,4,6,5,9.1,14,64.3,8,11,2,0
69422,20211030,1900,14,16,ASNL,3,FCSM,0,0,35.9,41.9,41.9,15,0,5,307,68,73.6,59.0,13,7.7,9,3,1,3,6,33.3,13,69.2,16,14,1,0,64.1,58.1,58.1,4,1,5,551,70,86.0,76.0,23,26.1,13,2,5,4,9,15.4,21,57.1,14,13,2,0
69423,20211030,1900,14,8,NO,14,CNFC,1,2,67.0,46.0,50.0,13,1,9,550,63,79.3,61.6,28,21.4,9,2,2,3,6,22.2,22,72.7,10,19,2,0,33.0,54.0,50.0,18,1,2,277,60,63.5,56.0,8,12.5,7,3,2,3,4,42.9,21,71.4,27,12,1,0
69424,20211030,1900,14,5,PAUFC,6,ACA,1,0,44.3,52.7,45.7,19,4,1,381,76,75.6,59.8,8,25.0,9,1,3,2,7,11.1,13,69.2,31,14,2,0,55.7,47.3,54.3,6,3,2,472,66,79.4,66.9,17,23.5,8,1,3,2,6,12.5,17,58.8,14,19,4,0
69425,20211030,1900,14,20,RAF,9,QRM,3,0,46.2,55.3,42.3,15,2,9,309,65,71.5,49.7,19,5.3,10,5,3,6,4,50.0,11,63.6,15,13,3,0,53.8,44.7,57.7,15,0,4,358,48,76.3,57.1,25,8.0,10,3,5,4,6,30.0,7,71.4,11,19,2,0
69427,20211101,2045,14,15,VAFC,4,AJA,1,2,48.3,55.4,66.7,12,4,5,408,49,77.0,66.1,26,23.1,11,4,2,3,8,36.4,20,65.0,12,14,0,0,51.7,44.6,33.3,11,1,5,439,69,79.0,70.8,24,41.7,18,9,4,6,12,50.0,23,47.8,26,11,0,0
69430,20211106,1500,15,4,AJA,5,PAUFC,4,1,58.9,44.6,53.3,13,2,5,565,80,82.3,73.9,18,38.9,16,7,4,8,8,43.8,10,70.0,9,17,2,0,41.1,55.4,46.7,11,4,1,392,68,76.0,58.6,15,6.7,6,5,1,2,4,83.3,14,78.6,18,8,1,1
69437,20211106,1500,15,3,FCSM,8,NO,0,1,61.0,47.0,44.4,16,1,7,543,94,81.8,70.8,30,26.7,19,7,4,8,11,36.8,14,57.1,6,15,0,0,39.0,53.0,55.6,13,1,2,349,47,71.6,59.6,12,16.7,9,2,2,5,4,22.2,15,46.7,34,14,1,0
69428,20211106,1900,15,6,ACA,18,DFCO,1,0,50.6,47.9,52.2,13,3,8,317,74,61.5,49.0,19,26.3,17,6,3,7,10,35.3,13,84.6,17,18,5,0,49.4,52.1,47.8,9,3,4,310,89,59.7,44.4,19,15.8,4,1,2,2,2,25.0,12,83.3,20,19,3,0
69429,20211106,1900,15,17,ASC,2,SMC,0,0,55.6,51.6,56.7,25,2,0,576,70,81.1,72.6,6,0.0,6,3,0,5,1,50.0,18,55.6,11,19,2,0,44.4,48.4,43.3,17,2,2,453,59,76.2,63.5,9,22.2,4,1,0,1,3,25.0,20,40.0,8,22,4,0
69431,20211106,1900,15,19,GF38,10,USLD,1,0,63.8,39.8,45.5,9,1,4,573,77,88.7,77.6,29,20.7,13,9,3,8,5,69.2,18,50.0,8,27,3,0,36.2,60.2,54.5,7,1,0,330,56,74.8,64.4,9,0.0,2,0,0,2,0,0.0,16,56.3,29,11,0,1
69432,20211106,1900,15,13,EAG,11,SCB,2,3,70.0,51.3,53.5,1,0,10,565,58,86.2,73.9,42,28.6,18,3,5,11,7,16.7,6,100.0,8,11,1,0,30.0,48.7,46.5,10,2,2,254,61,66.9,53.6,8,12.5,7,3,1,3,4,42.9,19,63.2,44,15,3,0
69433,20211106,1900,15,12,HAC,15,VAFC,0,0,56.4,45.8,57.1,11,1,9,485,45,79.4,64.5,26,19.2,11,2,4,7,4,18.2,13,38.5,9,9,0,0,43.6,54.2,42.9,18,1,4,381,58,76.1,56.9,13,0.0,5,3,1,3,2,60.0,22,72.7,16,13,1,0
69434,20211106,1900,15,14,CNFC,16,ASNL,1,3,57.9,50.7,52.8,12,1,8,499,71,81.6,68.5,28,25.0,13,5,3,5,8,38.5,20,65.0,17,14,1,0,42.1,49.3,47.2,12,0,5,363,59,72.7,58.5,17,17.6,8,5,1,1,7,62.5,25,60.0,14,13,2,0
69435,20211106,1900,15,1,PFC,20,RAF,1,0,53.9,50.0,48.6,7,2,0,454,72,80.2,67.5,12,25.0,8,2,2,4,4,25.0,9,66.7,25,13,1,0,46.1,50.0,51.4,13,2,6,376,58,79.0,68.0,22,27.3,7,2,3,3,4,28.6,8,62.5,15,13,2,1
69436,20211106,1900,15,9,QRM,7,TFC,0,0,29.5,46.1,29.0,6,1,1,255,73,54.5,33.8,3,33.3,5,0,2,1,4,0.0,20,45.0,33,10,1,0,70.5,53.9,71.0,8,2,11,591,73,84.3,74.3,36,13.9,18,8,6,7,11,44.4,19,68.4,16,22,1,0
69446,20211120,1500,16,7,TFC,3,FCSM,4,1,59.8,56.0,70.8,4,5,8,481,62,78.8,60.5,13,30.8,12,6,3,3,9,50.0,18,61.1,8,14,1,0,40.2,44.0,29.2,15,1,4,326,60,74.2,57.0,11,0.0,13,7,1,7,6,53.8,10,70.0,13,8,3,0
69438,20211120,1900,16,11,SCB,14,CNFC,2,0,56.8,49.5,39.4,12,4,3,443,78,79.9,68.4,18,27.8,7,3,0,3,4,42.9,26,65.4,13,10,3,0,43.2,50.5,60.6,8,1,3,334,69,71.6,57.7,17,23.5,7,2,3,2,5,28.6,20,75.0,14,13,3,0
69439,20211120,1900,16,2,SMC,1,PFC,0,1,42.0,50.0,42.4,9,3,6,398,45,79.6,60.7,21,4.8,9,2,2,5,4,22.2,13,46.2,8,15,2,0,58.0,50.0,57.6,11,0,2,568,62,85.4,68.8,11,27.3,11,4,1,5,6,36.4,12,58.3,24,14,2,0
69441,20211120,1900,16,10,USLD,6,ACA,0,1,50.8,53.3,58.3,9,0,3,437,76,73.7,61.7,15,33.3,9,3,3,1,8,33.3,14,64.3,11,16,2,0,49.2,46.7,41.7,12,8,0,424,69,73.6,60.6,11,27.3,7,1,0,2,5,14.3,13,76.9,6,14,2,0
69442,20211120,1900,16,12,HAC,17,ASC,1,1,41.7,38.3,61.9,15,1,2,388,53,77.3,65.7,19,15.8,9,3,0,4,5,33.3,10,50.0,13,16,0,0,58.3,61.7,38.1,18,6,2,558,71,83.0,73.6,14,7.1,11,4,1,3,8,36.4,28,57.1,13,11,3,0
69443,20211120,1900,16,16,ASNL,20,RAF,0,2,67.7,56.6,51.3,9,2,5,587,65,83.8,71.0,23,34.8,14,4,3,4,10,28.6,22,72.7,11,12,1,0,32.3,43.4,48.7,19,2,3,280,69,70.7,62.9,12,33.3,13,6,1,4,9,46.2,11,63.6,23,14,1,0
69444,20211120,1900,16,8,NO,9,QRM,2,1,52.4,46.3,35.0,15,3,4,408,76,71.8,60.2,13,30.8,9,3,1,3,6,33.3,16,87.5,29,16,4,0,47.6,53.7,65.0,22,2,9,355,69,67.0,52.7,27,40.7,25,5,9,7,18,20.0,15,66.7,11,19,1,0
69445,20211120,1900,16,5,PAUFC,13,EAG,2,0,36.7,34.6,22.6,5,4,4,310,60,77.1,65.2,10,30.0,11,4,3,4,7,36.4,12,58.3,25,17,3,0,63.3,65.4,77.4,7,0,5,521,72,85.6,72.7,28,42.9,17,8,4,8,9,47.1,17,47.1,10,13,3,0
69447,20211120,1900,16,15,VAFC,19,GF38,1,0,43.7,55.0,60.9,15,2,6,382,38,81.9,70.4,20,20.0,13,5,6,5,8,38.5,10,60.0,18,13,2,0,56.3,45.0,39.1,6,2,1,498,68,84.1,67.6,17,11.8,6,4,0,5,1,66.7,11,45.5,14,16,1,1
69440,20211122,2045,16,18,DFCO,4,AJA,3,1,34.8,53.7,60.0,16,2,5,304,71,67.8,57.6,11,27.3,21,7,6,6,15,33.3,15,53.3,22,12,1,0,65.2,46.3,40.0,10,0,6,563,79,79.9,66.0,18,16.7,10,7,1,6,4,70.0,14,50.0,16,11,3,0
69448,20211203,2100,17,6,ACA,15,VAFC,0,0,72.6,55.1,48.0,7,2,5,597,68,79.1,62.3,25,20.0,12,3,4,6,6,25.0,18,72.2,6,13,1,0,27.4,44.9,52.0,19,2,0,229,67,54.6,40.7,3,0.0,1,0,0,0,1,0.0,13,38.5,33,15,3,0
69449,20211203,2100,17,17,ASC,10,USLD,3,0,52.8,50.5,48.1,17,2,11,462,75,81.6,70.3,24,29.2,17,9,4,3,14,52.9,15,46.7,12,14,2,0,47.2,49.5,51.9,15,1,4,408,40,77.5,63.0,24,16.7,5,3,0,3,2,60.0,13,84.6,26,12,2,0
69451,20211203,2100,17,19,GF38,12,HAC,1,2,62.9,51.1,45.0,9,6,4,506,66,82.0,66.4,20,20.0,12,3,4,4,8,25.0,12,66.7,4,16,2,0,37.1,48.9,55.0,11,2,1,301,62,72.8,63.6,7,28.6,9,6,0,3,6,66.7,13,61.5,19,16,2,0
69452,20211203,2100,17,13,EAG,18,DFCO,3,2,48.7,41.2,46.0,11,3,4,373,58,70.0,53.5,13,23.1,9,6,0,4,5,66.7,16,56.3,18,25,3,0,51.3,58.8,54.0,13,2,3,393,72,70.0,56.5,17,11.8,8,4,0,3,5,50.0,22,45.5,12,15,5,0
69454,20211203,2100,17,1,PFC,11,SCB,1,0,56.3,52.7,50.0,9,1,4,543,69,84.2,69.8,22,27.3,14,6,5,5,9,42.9,6,100.0,14,11,1,0,43.7,47.3,50.0,5,4,4,404,47,80.0,66.5,21,19.0,9,3,1,4,5,33.3,13,69.2,15,10,2,0
69455,20211203,2100,17,9,QRM,16,ASNL,2,1,37.2,51.7,50.0,10,0,5,278,62,64.7,48.7,11,27.3,12,3,4,6,6,25.0,12,66.7,20,11,2,0,62.8,48.3,50.0,11,0,6,478,63,77.4,63.9,15,33.3,15,3,4,2,13,20.0,13,69.2,9,15,3,1
69456,20211203,2100,17,20,RAF,8,NO,1,0,38.1,50.0,58.6,7,1,2,344,83,74.7,61.1,12,33.3,13,6,2,7,6,46.2,8,37.5,15,11,2,0,61.9,50.0,41.4,6,0,5,555,57,83.4,66.3,21,19.0,6,0,0,2,4,0.0,14,71.4,8,15,2,0
69457,20211203,2100,17,3,FCSM,5,PAUFC,2,1,66.5,52.5,51.5,6,1,10,612,56,87.6,75.2,34,5.9,14,6,3,7,7,42.9,19,73.7,10,14,1,0,33.5,47.5,48.5,15,0,3,314,62,72.6,60.1,11,0.0,6,2,1,3,3,33.3,15,53.3,33,10,1,1
69450,20211204,1500,17,4,AJA,2,SMC,2,2,56.7,47.3,44.1,11,2,5,611,72,83.0,73.4,19,36.8,10,5,0,3,7,50.0,11,63.6,18,7,0,1,43.3,52.7,55.9,13,3,9,459,67,78.2,69.8,23,13.0,12,3,5,6,6,25.0,13,61.5,20,8,1,0
69453,20211206,2045,17,14,CNFC,7,TFC,2,1,39.7,49.1,54.8,12,3,3,360,68,76.1,57.4,8,25.0,14,5,3,7,7,35.7,20,80.0,31,11,1,0,60.3,50.9,45.2,7,0,7,521,52,83.1,72.2,32,37.5,23,8,6,5,18,34.8,20,70.0,6,9,1,0
69463,20211211,1500,18,12,HAC,6,ACA,0,1,56.2,56.9,46.2,12,0,3,507,94,77.7,67.0,11,45.5,10,4,2,4,6,40.0,14,50.0,13,9,1,0,43.8,43.1,53.8,17,4,4,393,63,73.3,54.5,9,22.2,5,4,1,3,2,80.0,13,46.2,17,17,0,0
69458,20211211,1900,18,17,ASC,19,GF38,4,1,56.9,53.2,70.6,11,4,3,574,74,85.7,75.3,13,30.8,10,7,1,1,9,70.0,8,87.5,13,8,0,0,43.1,46.8,29.4,15,2,1,437,56,81.7,66.7,10,0.0,10,1,4,5,5,10.0,13,69.2,9,9,2,0
69459,20211211,1900,18,11,SCB,3,FCSM,2,2,47.2,54.8,54.5,14,4,7,325,67,65.5,55.7,29,24.1,11,3,3,4,7,27.3,15,80.0,23,15,2,0,52.8,45.2,45.5,8,3,7,370,69,68.6,53.5,24,33.3,14,4,6,6,8,28.6,11,81.8,26,12,1,0
69460,20211211,1900,18,2,SMC,13,EAG,2,0,50.6,52.9,50.0,8,2,5,412,69,83.0,70.8,19,31.6,10,4,1,0,10,40.0,20,55.0,12,14,1,0,49.4,47.1,50.0,14,3,3,407,46,83.8,71.6,17,41.2,13,3,4,6,7,23.1,20,60.0,15,22,3,2
69461,20211211,1900,18,18,DFCO,14,CNFC,2,2,63.7,48.9,54.5,9,1,11,432,64,77.3,60.1,38,18.4,13,7,2,6,7,53.8,14,57.1,12,21,4,0,36.3,51.1,45.5,12,1,2,257,53,65.8,48.6,10,10.0,8,2,2,4,4,25.0,16,50.0,22,22,3,0
69462,20211211,1900,18,10,USLD,4,AJA,0,2,41.3,53.1,41.2,22,6,1,384,58,68.8,56.6,15,20.0,3,1,1,1,2,33.3,16,87.5,21,9,1,0,58.7,46.9,58.8,14,5,2,565,82,78.9,63.1,10,10.0,10,7,1,1,9,70.0,11,63.6,19,14,0,0
69464,20211211,1900,18,8,NO,16,ASNL,2,1,41.1,38.1,27.0,15,2,5,311,69,63.7,48.1,12,25.0,12,5,2,6,6,41.7,19,52.6,15,20,3,0,58.9,61.9,73.0,8,2,2,454,67,72.5,60.1,15,20.0,14,6,3,4,10,42.9,24,70.8,18,17,1,1
69465,20211211,1900,18,5,PAUFC,9,QRM,1,2,58.0,40.0,37.5,14,4,6,503,54,83.5,68.0,24,25.0,20,5,6,12,8,25.0,19,52.6,4,16,2,0,42.0,60.0,62.5,9,4,0,373,60,76.4,67.0,6,0.0,9,6,1,6,3,66.7,23,47.8,28,10,1,0
69467,20211211,1900,18,15,VAFC,1,PFC,1,4,51.7,46.2,53.1,12,0,6,454,44,84.8,69.8,38,10.5,11,5,3,5,6,45.5,14,57.1,8,19,4,0,48.3,53.8,46.9,9,2,4,449,71,82.0,65.4,9,11.1,11,8,1,3,8,72.7,19,42.1,29,11,2,0
69466,20211213,2045,18,7,TFC,20,RAF,1,1,56.7,52.4,55.9,5,2,7,473,54,84.1,69.0,25,16.0,13,1,4,5,8,7.7,16,43.8,7,23,3,0,43.3,47.6,44.1,14,1,0,374,64,78.1,65.1,5,20.0,7,0,6,4,3,0.0,8,37.5,25,13,3,0
69468,20211221,2045,19,6,ACA,19,GF38,1,0,46.3,50.0,48.8,17,5,3,399,68,72.9,60.6,10,40.0,11,4,1,5,6,36.4,11,36.4,10,24,1,0,53.7,50.0,51.2,10,0,1,464,83,75.0,62.3,11,36.4,3,2,0,2,1,66.7,11,90.9,12,25,4,1
69469,20211221,2045,19,4,AJA,12,HAC,2,3,68.2,57.5,75.8,10,5,7,642,64,83.6,74.8,21,42.9,14,7,3,4,10,50.0,22,54.5,6,17,3,1,31.8,42.5,24.2,10,4,4,301,58,66.8,58.0,10,20.0,9,5,1,5,4,55.6,13,38.5,20,12,2,1
69470,20211221,2045,19,13,EAG,10,USLD,2,1,41.6,43.8,46.4,13,3,6,344,55,77.6,67.2,22,27.3,15,5,4,7,8,33.3,13,38.5,8,16,2,0,58.4,56.3,53.6,9,2,1,494,76,78.1,65.4,17,29.4,10,1,4,5,5,10.0,20,80.0,21,15,3,0
69471,20211221,2045,19,16,ASNL,18,DFCO,0,3,55.6,45.6,48.8,11,3,4,353,66,70.5,57.3,26,26.9,12,6,1,3,9,50.0,25,56.0,16,16,1,0,44.4,54.4,51.2,20,1,2,295,65,66.8,54.5,8,50.0,13,7,1,7,6,53.8,26,65.4,21,12,2,0
69472,20211221,2045,19,8,NO,7,TFC,1,2,47.4,59.5,47.6,11,4,1,383,81,70.8,58.5,13,7.7,10,5,2,2,8,50.0,20,60.0,10,13,4,0,52.6,40.5,52.4,10,2,3,430,92,72.3,65.0,9,55.6,11,5,0,3,8,45.5,11,45.5,24,16,3,0
69473,20211221,2045,19,14,CNFC,5,PAUFC,3,0,51.6,45.5,38.9,8,3,3,510,46,86.9,74.9,17,17.6,10,4,1,4,6,40.0,12,66.7,17,10,0,0,48.4,54.5,61.1,9,1,4,471,53,84.5,70.5,25,16.0,6,1,0,4,2,16.7,16,56.3,12,12,3,0
69474,20211221,2045,19,1,PFC,17,ASC,1,0,41.2,47.8,57.7,1,2,3,412,67,74.0,62.3,17,23.5,5,2,1,1,4,40.0,13,38.5,11,14,1,0,58.8,52.2,42.3,18,1,1,602,55,84.1,74.2,11,27.3,12,3,2,3,9,25.0,14,35.7,11,9,1,0
69475,20211221,2045,19,9,QRM,2,SMC,2,2,51.1,58.6,57.9,7,4,4,476,39,86.3,71.9,16,37.5,13,5,5,3,10,38.5,12,50.0,12,7,1,0,48.9,41.4,42.1,3,1,3,457,67,83.6,70.7,13,23.1,10,2,3,3,7,20.0,21,66.7,14,23,1,1
69476,20211221,2045,19,20,RAF,11,SCB,0,0,51.9,47.0,50.0,10,3,2,393,76,69.7,53.4,7,28.6,5,2,1,3,2,40.0,7,57.1,8,13,2,0,48.1,53.0,50.0,12,1,4,357,63,71.1,59.7,12,16.7,9,3,1,6,3,33.3,20,40.0,11,20,3,0
69477,20211221,2045,19,3,FCSM,15,VAFC,1,1,62.3,56.1,48.9,6,5,6,501,58,77.0,65.0,26,19.2,14,6,3,5,9,42.9,23,60.9,15,17,2,0,37.7,43.9,51.1,15,2,8,301,90,62.8,52.3,12,25.0,6,2,2,3,3,33.3,13,61.5,19,18,1,1
69484,20220108,1500,20,12,HAC,3,FCSM,0,1,51.0,50.0,47.8,12,1,9,416,54,80.3,65.3,24,16.7,9,3,1,4,5,33.3,12,75.0,13,9,1,0,49.0,50.0,52.2,18,3,3,416,61,78.6,63.4,8,0.0,6,2,2,5,1,33.3,18,61.1,21,14,2,0
69479,20220108,1900,20,11,SCB,9,QRM,3,0,51.9,58.8,76.2,11,1,4,350,82,69.7,58.1,19,26.3,15,7,3,4,11,46.7,32,40.6,13,13,1,0,48.1,41.2,23.8,19,2,1,325,64,67.1,49.0,11,9.1,4,1,1,2,2,25.0,14,57.1,17,7,1,0
69481,20220108,1900,20,18,DFCO,8,NO,1,2,65.8,49.5,51.9,5,0,10,452,41,82.3,69.6,37,16.2,19,3,7,11,8,15.8,16,37.5,13,12,3,0,34.2,50.5,48.1,8,2,7,241,68,61.8,45.9,13,15.4,8,5,2,2,6,62.5,19,42.1,38,16,1,1
69483,20220108,1900,20,19,GF38,4,AJA,0,1,51.5,60.8,57.1,8,1,3,508,53,80.7,62.9,16,0.0,8,0,3,7,1,0.0,25,80.0,12,5,1,0,48.5,39.2,42.9,7,0,2,479,59,79.7,67.6,11,9.1,11,5,1,5,6,45.5,16,37.5,14,11,3,0
69485,20220108,1900,20,5,PAUFC,20,RAF,4,0,56.0,45.7,37.1,5,3,6,410,59,79.3,64.6,21,28.6,16,5,6,5,11,31.3,14,64.3,9,14,3,0,44.0,54.3,62.9,6,0,4,328,58,76.5,65.9,12,33.3,9,1,1,4,5,11.1,14,42.9,19,13,2,0
69487,20220108,1900,20,15,VAFC,13,EAG,1,1,44.6,41.7,42.5,14,0,4,352,60,73.3,54.5,15,13.3,6,1,2,3,3,16.7,18,44.4,12,17,0,1,55.4,58.3,57.5,18,2,6,436,45,80.7,63.8,19,26.3,12,3,2,4,8,25.0,17,52.9,14,13,3,0
69478,20220119,1900,20,17,ASC,6,ACA,0,1,60.8,52.5,57.8,14,4,6,524,86,81.5,71.9,19,31.6,13,5,4,4,9,38.5,13,61.5,11,17,3,0,39.2,47.5,42.2,11,1,4,339,91,68.4,56.2,10,40.0,8,3,0,2,6,37.5,19,47.4,11,14,2,0
69749,20220119,1900,20,7,TFC,16,ASNL,4,0,64.6,43.2,47.1,13,4,3,607,55,83.4,75.9,13,15.4,13,8,1,2,11,61.5,18,38.9,12,16,2,0,35.4,56.8,52.9,15,2,5,326,65,72.1,59.1,13,7.7,9,3,2,7,2,33.3,23,69.6,14,9,3,1
69480,20220128,1900,20,2,SMC,14,CNFC,0,2,61.1,49.2,56.3,8,0,14,527,65,81.0,66.4,41,19.5,14,2,4,3,11,14.3,17,58.8,5,22,3,1,38.9,50.8,43.8,16,0,0,353,51,76.5,64.9,5,60.0,5,4,0,2,3,80.0,17,58.8,36,13,2,0
69482,20220128,1900,20,10,USLD,1,PFC,1,1,40.1,52.7,56.5,12,2,6,341,33,75.4,61.6,21,33.3,7,2,1,1,6,28.6,15,86.7,17,10,2,0,59.9,47.3,43.5,8,0,1,531,66,85.7,73.8,16,25.0,11,6,2,5,6,54.5,18,72.2,16,17,3,0
69489,20220115,1900,21,13,EAG,19,GF38,0,0,54.2,51.5,55.3,9,4,1,534,51,82.8,68.4,18,22.2,13,3,1,6,7,23.1,9,66.7,4,10,3,0,45.8,48.5,44.7,20,1,5,449,64,78.2,63.4,18,33.3,7,3,1,2,5,42.9,15,66.7,11,15,1,0
69490,20220115,1900,21,16,ASNL,11,SCB,2,1,44.4,43.1,39.1,8,2,10,337,87,67.4,54.3,31,12.9,7,3,1,2,5,42.9,16,50.0,21,18,2,0,55.6,56.9,60.9,10,7,6,435,83,77.2,64.9,24,16.7,8,1,4,2,6,12.5,22,45.5,21,11,1,0
69495,20220115,1900,21,20,RAF,18,DFCO,0,2,63.4,52.3,57.8,8,1,6,421,75,80.3,67.2,32,34.4,17,1,3,6,11,5.9,9,66.7,27,19,2,1,36.6,47.7,42.2,10,2,4,248,63,68.1,53.1,16,18.8,9,5,3,1,8,55.6,17,76.5,25,19,1,0
69496,20220115,1900,21,3,FCSM,2,SMC,3,2,66.4,57.8,66.7,8,1,4,552,59,83.9,76.1,24,37.5,19,7,5,9,10,36.8,20,60.0,6,14,7,0,33.6,42.2,33.3,8,0,1,280,65,67.9,48.8,7,28.6,5,2,1,2,3,40.0,20,45.0,18,14,3,1
69497,20220115,1900,21,7,TFC,5,PAUFC,1,1,67.6,47.2,56.1,10,1,10,641,37,85.0,78.8,29,27.6,25,6,5,13,12,24.0,15,66.7,8,12,3,0,32.4,52.8,43.9,19,4,1,311,67,68.5,56.9,11,27.3,7,3,2,3,4,42.9,25,60.0,26,11,3,0
69493,20220117,2045,21,1,PFC,12,HAC,2,2,50.3,40.7,42.9,13,2,5,453,59,81.9,63.4,19,15.8,7,3,2,1,6,42.9,6,66.7,12,14,1,0,49.7,59.3,57.1,16,3,1,457,51,81.6,73.7,11,27.3,17,7,7,9,8,41.2,15,60.0,10,10,0,0
69494,20220126,1900,21,9,QRM,17,ASC,1,1,39.8,51.4,69.6,10,0,6,336,52,73.8,64.2,25,32.0,12,2,3,8,4,16.7,23,52.2,7,14,3,0,60.2,48.6,30.4,7,2,2,546,56,83.0,71.2,10,0.0,8,4,1,4,4,50.0,24,66.7,19,10,1,0
69488,20220128,1900,21,6,ACA,4,AJA,0,0,36.7,63.7,75.6,6,2,5,287,66,62.4,50.0,13,38.5,10,4,1,3,7,40.0,18,50.0,25,15,1,1,63.3,36.3,24.4,8,2,7,488,91,78.5,61.9,27,3.7,7,0,3,4,3,0.0,13,53.8,14,17,3,0
69491,20220128,1900,21,8,NO,15,VAFC,2,1,48.3,45.1,41.0,17,5,3,376,69,71.5,57.9,18,33.3,14,6,5,4,10,42.9,17,64.7,23,20,1,0,51.7,54.9,59.0,14,2,6,402,64,70.1,55.6,17,11.8,15,4,2,10,5,26.7,17,70.6,15,16,2,0
69492,20220201,1900,21,14,CNFC,10,USLD,2,0,51.9,55.6,44.0,10,1,3,469,65,83.4,68.6,18,11.1,14,5,4,8,6,35.7,17,41.2,24,9,0,0,48.1,44.4,56.0,6,1,6,419,61,78.3,60.7,31,16.1,11,1,2,5,6,9.1,13,53.8,21,15,1,0
69498,20220122,1900,22,17,ASC,13,EAG,3,0,54.2,51.0,46.2,15,3,3,511,66,85.3,77.6,18,27.8,11,4,1,4,7,36.4,22,63.6,10,10,0,0,45.8,49.0,53.8,14,1,5,426,41,83.6,74.4,16,25.0,20,2,8,8,12,10.0,11,45.5,14,13,1,0
69500,20220122,1900,22,11,SCB,7,TFC,0,0,39.2,50.9,48.9,9,4,3,305,89,59.0,45.5,21,19.0,6,2,1,4,2,33.3,8,62.5,20,16,3,1,60.8,49.1,51.1,16,4,8,482,62,76.3,63.1,20,25.0,16,4,2,7,9,25.0,10,70.0,17,24,3,1
69502,20220122,1900,22,18,DFCO,9,QRM,1,0,53.1,47.4,51.3,13,0,4,440,64,76.1,63.4,19,42.1,17,5,5,4,13,29.4,24,75.0,5,12,2,0,46.9,52.6,48.7,13,0,3,389,62,71.5,53.5,12,33.3,7,1,2,2,5,14.3,22,45.5,16,9,1,0
69503,20220122,1900,22,10,USLD,3,FCSM,0,0,35.5,52.4,51.9,16,1,2,312,81,61.2,49.5,11,18.2,4,0,2,2,2,0.0,14,64.3,25,20,5,0,64.5,47.6,48.1,5,1,3,568,90,80.1,65.8,20,20.0,14,3,2,5,9,21.4,11,72.7,14,15,1,0
69505,20220122,1900,22,12,HAC,20,RAF,0,0,66.2,43.3,48.4,15,1,4,566,49,87.6,77.0,28,17.9,14,3,3,6,8,21.4,8,50.0,5,20,4,0,33.8,56.7,51.6,13,0,1,302,76,64.9,47.1,4,0.0,3,1,1,2,1,33.3,18,66.7,24,10,3,0
69501,20220124,2045,22,2,SMC,6,ACA,2,0,43.9,49.5,51.2,11,4,2,435,85,77.5,54.7,15,0.0,5,4,1,2,3,80.0,16,62.5,17,13,2,0,56.1,50.5,48.8,13,1,6,552,64,81.9,69.8,21,19.0,7,1,1,2,5,14.3,16,56.3,12,9,0,0
69499,20220201,1900,22,4,AJA,1,PFC,1,2,62.8,58.4,59.5,14,1,6,606,66,84.3,72.5,20,40.0,18,5,5,6,12,27.8,7,57.1,16,5,1,0,37.2,41.6,40.5,15,4,2,360,53,76.4,63.3,9,22.2,10,4,1,2,8,40.0,6,50.0,23,8,2,0
69506,20220201,1900,22,5,PAUFC,8,NO,0,3,56.9,54.0,66.7,7,0,5,440,39,85.0,74.9,27,22.2,21,6,5,9,12,28.6,14,71.4,14,19,1,0,43.1,46.0,33.3,12,0,3,344,58,77.3,59.3,13,23.1,15,8,6,7,8,53.3,21,66.7,17,16,2,0
69507,20220201,1900,22,15,VAFC,16,ASNL,6,1,52.0,56.3,79.3,10,2,2,410,66,82.2,70.7,7,28.6,17,9,3,4,13,52.9,14,42.9,13,17,2,0,48.0,43.7,20.7,5,1,3,372,57,73.4,52.9,10,20.0,7,2,0,3,4,28.6,19,47.4,4,21,3,1
69504,20220215,1900,22,19,GF38,14,CNFC,1,0,43.1,45.4,34.8,10,1,9,336,66,71.1,45.4,18,22.2,9,3,3,3,6,33.3,24,58.3,19,14,4,0,56.9,54.6,65.2,6,0,5,438,60,79.0,69.7,29,31.0,15,2,6,8,7,13.3,15,53.3,13,9,1,0
69517,20220205,1500,23,7,TFC,18,DFCO,4,1,62.7,55.7,56.4,6,1,4,560,62,83.0,70.5,8,37.5,15,5,5,4,11,33.3,18,50.0,18,12,1,0,37.3,44.3,43.6,15,0,5,322,57,73.6,62.8,17,23.5,12,4,2,5,7,33.3,15,73.3,8,17,2,0
69508,20220205,1900,23,11,SCB,5,PAUFC,1,1,57.6,55.1,58.1,10,1,7,448,76,79.9,66.2,27,22.2,17,8,3,7,10,47.1,21,47.6,23,16,3,0,42.4,44.9,41.9,12,2,3,335,67,67.5,55.4,16,12.5,7,1,1,1,6,14.3,14,57.1,19,12,1,0
69509,20220205,1900,23,13,EAG,4,AJA,1,1,42.0,57.8,40.7,12,7,6,431,62,81.9,67.2,17,17.6,12,4,4,6,6,33.3,15,40.0,6,9,1,0,58.0,42.2,59.3,7,1,3,615,84,85.9,71.4,6,16.7,8,3,2,2,6,37.5,9,33.3,15,14,1,0
69510,20220205,1900,23,16,ASNL,2,SMC,1,1,49.1,46.3,41.4,17,1,10,475,49,85.7,71.2,32,21.9,14,5,4,3,11,35.7,10,60.0,14,10,1,0,50.9,53.7,58.6,9,1,9,500,64,82.0,68.5,17,29.4,10,5,3,3,7,50.0,14,42.9,18,16,2,0
69511,20220205,1900,23,8,NO,10,USLD,0,1,44.0,46.8,37.9,8,2,6,309,52,75.4,65.3,20,30.0,11,3,2,6,5,27.3,17,41.2,26,18,4,1,56.0,53.2,62.1,12,0,7,390,60,79.7,63.7,27,14.8,8,1,3,4,4,12.5,17,58.8,22,22,4,0
69512,20220205,1900,23,14,CNFC,12,HAC,0,0,44.2,48.0,42.9,12,3,4,500,29,87.4,72.4,14,0.0,7,2,3,3,4,28.6,16,75.0,15,8,0,0,55.8,52.0,57.1,10,0,5,624,32,91.3,83.0,23,34.8,13,3,4,5,8,23.1,17,64.7,9,8,1,0
69514,20220205,1900,23,9,QRM,19,GF38,1,0,43.4,40.4,48.4,12,3,3,355,55,73.5,62.7,13,15.4,7,2,2,4,3,28.6,11,63.6,16,18,2,0,56.6,59.6,51.6,12,0,5,465,71,80.4,67.4,15,20.0,12,4,0,7,5,33.3,29,55.2,8,14,4,0
69515,20220205,1900,23,20,RAF,15,VAFC,0,0,39.8,44.4,42.6,11,0,1,306,76,72.2,64.0,13,53.8,15,5,1,8,7,33.3,10,50.0,24,16,2,0,60.2,55.6,57.4,3,1,7,454,62,79.3,58.3,30,16.7,12,1,5,8,4,8.3,16,50.0,7,13,0,0
69516,20220205,1900,23,3,FCSM,17,ASC,1,1,59.6,49.4,20.0,9,2,10,565,65,85.0,69.7,36,11.1,13,6,2,5,8,46.2,19,47.4,10,13,0,0,40.4,50.6,80.0,17,1,1,396,40,78.8,72.0,6,16.7,8,4,2,4,4,50.0,5,80.0,30,13,3,1
69513,20220207,2045,23,1,PFC,6,ACA,2,0,49.4,60.4,70.6,13,4,3,470,69,80.4,66.8,12,25.0,8,2,2,2,6,25.0,12,66.7,22,8,1,0,50.6,39.6,29.4,13,1,7,470,45,81.1,65.3,26,19.2,9,4,2,4,5,44.4,8,62.5,8,17,2,0
69527,20220212,1500,24,15,VAFC,7,TFC,1,3,35.8,41.7,32.4,13,1,4,350,58,69.1,55.1,11,9.1,7,3,2,5,2,42.9,20,60.0,12,6,3,0,64.2,58.3,67.6,8,1,4,633,86,82.9,77.1,18,27.8,17,5,4,3,14,29.4,23,47.8,10,5,0,0
69518,20220212,1900,24,6,ACA,13,EAG,0,1,45.9,52.3,50.0,9,1,0,355,61,75.5,62.7,18,16.7,4,1,0,4,0,25.0,14,85.7,13,12,1,1,54.1,47.7,50.0,9,3,6,426,62,81.5,68.9,15,40.0,10,4,2,4,6,40.0,12,41.7,21,21,4,1
69519,20220212,1900,24,17,ASC,14,CNFC,3,1,49.1,57.3,55.9,12,1,2,476,75,81.7,67.0,9,0.0,8,5,2,3,5,62.5,26,46.2,19,14,2,0,50.9,42.7,44.1,10,2,3,487,39,81.5,71.7,20,30.0,15,5,4,6,9,33.3,13,61.5,8,12,0,0
69520,20220212,1900,24,4,AJA,16,ASNL,1,1,69.5,48.7,46.7,3,0,6,570,72,81.2,69.3,38,23.7,15,3,4,5,10,20.0,16,62.5,13,17,3,0,30.5,51.3,53.3,9,3,5,255,64,60.4,47.0,12,25.0,9,4,4,3,6,44.4,14,35.7,32,8,1,0
69521,20220212,1900,24,2,SMC,8,NO,4,0,56.7,42.3,60.0,13,0,8,569,51,88.9,80.6,23,30.4,18,9,3,3,15,50.0,15,53.3,14,12,1,0,43.3,57.7,40.0,9,1,2,439,58,83.6,67.0,12,0.0,6,2,1,4,2,33.3,16,50.0,21,6,1,1
69522,20220212,1900,24,18,DFCO,5,PAUFC,0,1,61.7,57.5,65.1,11,2,7,507,41,81.5,67.9,46,30.4,17,4,4,10,7,23.5,13,76.9,4,10,2,0,38.3,42.5,34.9,11,1,1,335,63,75.2,65.4,7,28.6,12,3,4,4,8,25.0,15,53.3,30,15,6,0
69523,20220212,1900,24,10,USLD,20,RAF,2,0,41.5,45.1,31.0,13,1,2,317,63,69.1,65.5,8,50.0,5,2,1,0,5,40.0,21,52.4,13,15,1,0,58.5,54.9,69.0,7,4,3,429,61,76.7,63.4,23,30.4,11,4,3,5,6,36.4,24,41.7,8,13,2,0
69524,20220212,1900,24,19,GF38,3,FCSM,1,3,50.0,52.9,46.7,10,0,5,400,53,78.8,62.7,13,15.4,15,4,4,8,7,26.7,20,55.0,19,14,3,0,50.0,47.1,53.3,5,3,8,394,48,80.7,67.5,21,19.0,13,5,3,4,9,38.5,14,57.1,9,11,2,1
69526,20220212,1900,24,1,PFC,9,QRM,3,0,54.0,46.8,52.4,10,0,4,487,51,83.4,64.3,17,17.6,9,5,2,1,8,55.6,17,52.9,13,18,2,0,46.0,53.2,47.6,16,3,7,413,46,79.7,60.8,19,15.8,8,3,2,4,4,37.5,16,68.8,16,14,0,0
69525,20220214,2045,24,12,HAC,11,SCB,2,4,59.2,47.2,33.3,14,0,7,500,58,82.8,69.5,28,3.6,13,4,2,8,5,30.8,12,58.3,7,12,1,0,40.8,52.8,66.7,18,1,3,356,63,73.6,64.8,10,30.0,11,7,1,4,7,63.6,18,55.6,18,19,3,0
69536,20220219,1500,25,3,FCSM,6,ACA,0,1,63.7,56.3,50.0,7,1,13,448,82,73.7,53.5,40,15.0,11,5,2,6,5,45.5,21,52.4,11,14,3,0,36.3,43.8,50.0,17,1,5,267,68,62.5,48.5,11,0.0,7,3,1,3,4,42.9,12,66.7,27,13,2,1
69528,20220219,1900,25,11,SCB,18,DFCO,0,0,67.5,47.4,54.8,7,2,8,491,59,79.8,65.6,27,14.8,8,1,3,4,4,12.5,14,71.4,17,18,2,0,32.5,52.6,45.2,12,3,4,233,66,63.9,50.7,17,47.1,10,2,2,3,7,20.0,22,54.5,27,19,0,0
69529,20220219,1900,25,13,EAG,1,PFC,1,1,53.3,56.0,71.0,16,3,3,527,55,85.0,72.5,27,37.0,9,2,1,1,8,22.2,6,33.3,8,9,2,0,46.7,44.0,29.0,13,1,0,472,71,81.4,64.6,12,25.0,11,2,2,5,6,18.2,11,36.4,16,7,1,0
69530,20220219,1900,25,16,ASNL,10,USLD,2,0,44.5,54.9,58.1,11,4,4,364,50,76.9,64.6,19,5.3,14,9,2,7,7,64.3,26,65.4,14,13,1,0,55.5,45.1,41.9,6,1,4,456,49,84.0,70.4,20,35.0,10,1,2,4,6,10.0,19,52.6,16,14,3,0
69531,20220219,1900,25,8,NO,19,GF38,3,1,60.1,47.4,50.0,9,0,7,540,62,85.0,74.5,33,33.3,20,11,4,2,18,55.0,12,75.0,7,16,3,0,39.9,52.6,50.0,10,1,3,372,72,76.3,57.3,8,12.5,7,2,1,5,2,28.6,11,45.5,25,8,0,1
69532,20220219,1900,25,14,CNFC,4,AJA,0,1,44.1,51.5,53.3,7,3,2,454,61,83.3,63.1,16,25.0,15,4,2,7,8,26.7,12,41.7,12,9,1,0,55.9,48.5,46.7,7,2,4,588,74,85.4,65.9,11,9.1,11,3,2,5,6,27.3,22,45.5,16,14,2,0
69533,20220219,1900,25,5,PAUFC,2,SMC,1,0,40.6,47.8,50.0,13,2,4,359,75,74.1,60.1,14,14.3,8,3,1,4,4,37.5,8,62.5,33,11,1,0,59.4,52.2,50.0,10,3,8,508,58,83.3,68.4,30,23.3,18,3,5,6,12,16.7,13,61.5,7,22,4,0
69534,20220219,1900,25,9,QRM,15,VAFC,1,1,56.1,44.8,56.3,8,4,6,327,64,63.6,49.2,15,6.7,4,2,2,1,3,50.0,18,44.4,26,24,2,0,43.9,55.2,43.8,10,6,8,241,62,57.3,50.0,29,24.1,15,7,3,5,10,46.7,34,52.9,20,15,4,0
69535,20220219,1900,25,20,RAF,17,ASC,1,1,34.3,45.7,48.3,15,2,2,277,68,66.1,56.3,20,20.0,9,4,1,4,5,44.4,10,60.0,28,15,1,0,65.7,54.3,51.7,11,0,4,562,72,82.4,67.5,16,6.3,11,5,4,3,8,45.5,15,80.0,23,17,5,0
69537,20220221,2045,25,7,TFC,12,HAC,4,0,56.2,58.7,64.7,11,8,2,517,56,82.6,73.9,16,31.3,11,6,0,1,10,54.5,19,84.2,10,8,2,0,43.8,41.3,35.3,12,1,4,403,42,80.1,66.2,11,9.1,6,1,1,4,2,16.7,12,58.3,7,5,2,0
69546,20220226,1500,26,1,PFC,3,FCSM,3,1,55.7,54.5,58.3,6,2,7,451,72,76.7,60.8,18,16.7,9,4,4,6,3,44.4,15,73.3,14,10,1,0,44.3,45.5,41.7,4,4,6,358,64,70.7,54.2,15,33.3,7,5,1,1,6,71.4,18,83.3,16,15,1,0
69538,20220226,1900,26,6,ACA,20,RAF,2,1,50.9,47.8,51.6,3,0,8,392,66,74.5,57.4,27,25.9,8,5,1,3,5,62.5,9,33.3,13,17,2,0,49.1,52.2,48.4,2,0,3,381,83,72.2,56.7,20,25.0,8,2,3,2,6,25.0,13,69.2,15,16,3,0
69539,20220226,1900,26,17,ASC,8,NO,3,0,46.8,48.1,52.2,17,2,2,418,67,84.2,76.5,11,72.7,11,4,1,4,7,36.4,19,63.2,24,21,2,0,53.2,51.9,47.8,7,1,10,461,45,81.3,70.6,25,24.0,13,4,3,6,7,30.8,11,54.5,7,13,2,0
69540,20220226,1900,26,4,AJA,9,QRM,1,0,58.8,49.5,32.1,20,4,3,577,71,86.3,69.7,15,20.0,12,4,2,8,4,33.3,21,57.1,15,13,1,0,41.2,50.5,67.9,12,3,3,396,48,79.0,63.1,14,35.7,9,2,3,2,7,22.2,8,50.0,11,11,1,0
69541,20220226,1900,26,2,SMC,11,SCB,2,1,47.2,54.5,45.5,10,1,4,404,48,79.0,59.5,12,8.3,12,2,3,6,6,16.7,24,70.8,13,14,1,0,52.8,45.5,54.5,12,3,3,459,60,78.6,65.9,10,10.0,11,3,4,6,5,27.3,16,31.3,8,16,4,0
69542,20220226,1900,26,10,USLD,18,DFCO,2,1,48.1,49.2,47.2,14,2,3,362,53,72.4,58.9,8,25.0,6,3,1,5,1,50.0,16,68.8,21,22,1,0,51.9,50.8,52.8,19,2,6,374,70,73.8,58.6,21,33.3,16,4,0,6,10,25.0,18,77.8,7,19,2,0
69544,20220226,1900,26,13,EAG,14,CNFC,1,0,42.7,56.0,61.1,12,3,5,373,53,80.2,65.2,15,33.3,12,6,2,3,9,50.0,24,37.5,23,12,1,0,57.3,44.0,38.9,7,1,6,504,55,83.9,66.5,19,5.3,6,2,2,4,2,33.3,14,64.3,13,9,1,0
69545,20220226,1900,26,12,HAC,16,ASNL,1,0,48.5,57.6,52.4,8,0,6,424,73,78.1,69.0,15,53.3,16,5,3,5,11,31.3,16,43.8,24,12,1,0,51.5,42.4,47.6,7,1,3,444,45,78.4,62.9,19,21.1,7,2,3,4,3,28.6,14,50.0,9,11,3,0
69547,20220226,1900,26,15,VAFC,5,PAUFC,1,0,43.4,52.8,42.1,12,2,4,335,63,69.3,52.1,23,17.4,16,9,1,10,6,56.3,21,57.1,15,13,3,0,56.6,47.2,57.9,9,0,2,448,59,76.1,63.8,12,33.3,8,3,2,4,4,37.5,14,35.7,15,24,1,0
69543,20220228,2045,26,19,GF38,7,TFC,0,2,34.2,56.1,47.1,7,0,11,257,57,60.7,49.7,24,29.2,13,1,3,5,8,7.7,19,57.9,7,11,2,0,65.8,43.9,52.9,8,1,5,528,56,81.1,71.2,14,42.9,9,4,3,4,5,44.4,14,57.1,16,16,2,0
69551,20220305,1500,27,8,NO,1,PFC,1,1,50.3,51.0,30.8,13,3,2,415,57,78.3,67.5,14,7.1,8,4,1,1,7,50.0,14,50.0,11,11,1,0,49.7,49.0,69.2,7,1,5,411,61,78.3,61.9,13,23.1,11,4,2,3,8,36.4,17,76.5,19,17,1,0
69548,20220305,1900,27,11,SCB,15,VAFC,1,1,60.4,46.0,56.1,8,3,8,433,88,69.1,57.8,24,20.8,13,3,2,7,6,23.1,17,52.9,6,20,4,0,39.6,54.0,43.9,13,3,0,293,78,58.7,47.3,8,25.0,6,2,2,4,2,33.3,25,60.0,27,11,3,0
69549,20220305,1900,27,18,DFCO,2,SMC,1,0,48.8,48.6,61.8,9,6,7,445,73,77.5,64.7,16,18.8,7,4,1,5,2,57.1,19,31.6,19,12,1,0,51.2,51.4,38.2,7,0,4,463,47,78.0,63.6,16,18.8,9,3,2,4,5,33.3,17,94.1,19,10,1,0
69550,20220305,1900,27,16,ASNL,19,GF38,0,1,60.1,48.8,53.6,13,0,4,490,69,75.7,64.2,31,6.5,19,5,4,6,13,26.3,7,71.4,6,14,4,1,39.9,51.2,46.4,10,0,2,340,92,62.6,48.3,7,14.3,4,2,1,1,3,50.0,12,66.7,35,14,2,0
69552,20220305,1900,27,14,CNFC,6,ACA,0,1,35.8,49.6,44.2,14,3,1,322,81,67.4,50.6,9,22.2,2,1,0,1,1,50.0,22,59.1,15,13,0,0,64.2,50.4,55.8,15,3,3,576,66,81.6,69.2,19,31.6,11,2,4,3,8,18.2,18,66.7,10,11,1,0
69553,20220305,1900,27,5,PAUFC,17,ASC,2,1,49.4,50.6,53.8,11,1,4,428,47,81.8,70.8,27,7.4,12,3,3,8,4,25.0,14,78.6,10,16,2,0,50.6,49.4,46.2,10,3,4,457,60,83.6,67.6,10,30.0,8,3,3,1,7,37.5,18,38.9,19,10,2,1
69554,20220305,1900,27,9,QRM,12,HAC,0,2,60.3,43.1,40.0,13,3,2,443,47,79.9,69.9,19,5.3,7,1,0,3,4,14.3,16,56.3,6,20,2,0,39.7,56.9,60.0,18,0,2,301,72,70.8,59.9,7,0.0,9,4,1,4,5,44.4,20,30.0,7,15,0,0
69555,20220305,1900,27,20,RAF,4,AJA,1,3,33.1,51.6,52.8,14,4,4,325,73,77.8,56.8,25,32.0,10,3,2,4,6,30.0,9,33.3,22,11,2,0,66.9,48.4,47.2,10,2,2,687,92,88.4,76.9,10,30.0,14,6,2,6,8,42.9,7,42.9,18,10,1,0
69556,20220305,1900,27,3,FCSM,13,EAG,1,0,51.4,50.5,48.1,14,1,9,501,62,80.4,69.0,20,35.0,17,5,4,10,7,29.4,16,43.8,15,9,0,0,48.6,49.5,51.9,10,1,3,466,61,77.5,68.6,20,35.0,16,3,1,9,7,18.8,17,64.7,19,8,0,0
69557,20220307,2045,27,7,TFC,10,USLD,2,0,62.4,43.8,63.6,12,5,6,600,34,86.8,80.7,16,31.3,11,7,1,5,6,63.6,16,43.8,14,20,0,0,37.6,56.3,36.4,13,2,4,358,55,74.3,63.1,16,31.3,10,3,3,6,4,30.0,15,46.7,13,6,2,1
69558,20220312,1500,28,6,ACA,11,SCB,0,1,71.9,57.9,50.0,4,4,5,555,92,79.5,64.8,33,24.2,10,2,2,4,6,20.0,16,68.8,3,11,0,0,28.1,42.1,50.0,11,1,1,222,86,49.5,39.4,6,16.7,3,1,1,2,1,33.3,11,72.7,34,21,5,0
69560,20220312,1500,28,4,AJA,3,FCSM,3,2,47.9,50.6,52.6,5,1,5,438,72,81.7,67.4,8,37.5,12,4,0,4,8,33.3,17,64.7,21,14,1,0,52.1,49.4,47.4,7,2,7,464,65,85.3,71.6,25,8.0,14,4,5,5,9,28.6,11,90.9,6,13,2,0
69559,20220312,1900,28,17,ASC,16,ASNL,1,0,57.4,57.5,61.1,14,3,6,515,69,85.8,77.4,30,20.0,17,4,5,7,10,23.5,19,57.9,19,10,2,0,42.6,42.5,38.9,8,1,3,393,62,73.8,66.1,11,18.2,8,1,1,5,3,12.5,13,84.6,19,12,1,0
69561,20220312,1900,28,2,SMC,7,TFC,4,1,28.1,52.7,50.0,9,1,5,260,62,66.2,56.4,13,30.8,14,7,3,5,9,50.0,21,61.9,10,12,0,0,71.9,47.3,50.0,9,3,1,686,73,86.7,80.1,8,0.0,7,5,0,4,3,71.4,15,80.0,10,12,0,0
69562,20220312,1900,28,10,USLD,5,PAUFC,1,0,53.6,57.0,44.1,12,2,7,372,61,72.3,58.2,26,26.9,11,5,2,4,7,45.5,21,52.4,14,7,0,0,46.4,43.0,55.9,14,1,7,325,59,72.0,60.0,18,0.0,6,2,2,5,1,33.3,11,81.8,23,17,5,0
69563,20220312,1900,28,19,GF38,20,RAF,0,0,62.4,51.1,52.6,9,2,4,529,60,84.7,66.7,15,13.3,8,1,5,6,2,12.5,13,61.5,11,13,1,0,37.6,48.9,47.4,10,2,1,316,81,73.7,61.4,9,33.3,7,2,1,3,4,28.6,18,66.7,12,19,5,0
69564,20220312,1900,28,13,EAG,9,QRM,1,1,65.4,47.7,57.1,3,4,5,566,51,82.9,67.7,17,17.6,8,2,3,4,4,25.0,15,66.7,6,21,3,0,34.6,52.3,42.9,13,0,2,299,60,69.2,59.4,7,28.6,7,1,0,2,5,14.3,17,52.9,15,11,3,0
69565,20220312,1900,28,12,HAC,8,NO,0,1,66.1,48.9,50.0,9,0,6,593,58,84.8,73.1,29,17.2,21,11,4,10,11,52.4,8,75.0,9,10,0,0,33.9,51.1,50.0,19,2,1,313,54,67.1,50.7,6,0.0,3,2,0,2,1,66.7,20,45.0,29,17,2,0
69566,20220312,1900,28,1,PFC,14,CNFC,2,0,53.3,48.6,65.6,8,0,2,537,80,78.2,62.6,5,0.0,7,3,2,3,4,42.9,24,62.5,10,19,0,0,46.7,51.4,34.4,10,2,4,452,58,81.0,60.8,18,16.7,5,1,1,2,3,20.0,21,66.7,3,7,1,0
69567,20220312,1900,28,15,VAFC,18,DFCO,0,0,58.4,51.1,51.2,6,2,3,442,71,80.8,70.1,23,21.7,8,2,0,4,4,25.0,12,66.7,12,17,5,0,41.6,48.9,48.8,9,0,0,320,76,67.8,50.9,11,18.2,4,1,2,3,1,25.0,20,50.0,20,22,2,1
69568,20220315,1900,29,11,SCB,10,USLD,1,0,41.8,49.6,56.5,10,0,2,326,71,66.6,59.0,7,28.6,9,4,2,3,6,44.4,23,69.6,14,17,4,0,58.2,50.4,43.5,17,0,6,449,72,76.6,50.8,20,10.0,5,0,2,2,3,0.0,21,71.4,10,14,1,0
69569,20220315,1900,29,18,DFCO,12,HAC,2,0,47.9,54.9,53.8,12,7,7,408,69,78.9,61.9,22,13.6,9,5,0,5,4,55.6,18,66.7,20,11,0,0,52.1,45.1,46.2,14,0,2,445,55,80.0,69.9,16,37.5,6,3,1,2,4,50.0,15,46.7,16,9,1,1
69570,20220315,1900,29,16,ASNL,1,PFC,3,0,38.3,50.0,39.5,14,4,4,356,63,73.0,64.6,15,26.7,13,7,3,2,11,53.8,18,22.2,18,10,1,0,61.7,50.0,60.5,13,4,7,580,70,82.9,69.9,20,25.0,15,3,6,6,9,20.0,9,66.7,11,15,2,0
69571,20220315,1900,29,8,NO,4,AJA,1,2,40.0,51.5,43.2,14,3,7,412,62,77.9,53.0,22,4.5,2,1,0,0,2,50.0,17,52.9,15,7,0,0,60.0,48.5,56.8,7,1,3,638,83,84.8,74.6,18,27.8,18,5,7,8,10,27.8,7,71.4,28,12,2,1
69572,20220315,1900,29,14,CNFC,3,FCSM,1,1,39.5,52.9,66.7,13,1,1,358,45,76.3,57.3,13,0.0,10,3,5,7,3,30.0,13,46.2,15,14,2,0,60.5,47.1,33.3,3,1,2,550,69,81.1,62.8,15,26.7,7,2,2,3,4,28.6,17,52.9,10,19,4,0
69573,20220315,1900,29,5,PAUFC,19,GF38,0,1,70.6,56.8,53.5,12,1,6,468,60,81.4,70.5,36,27.8,16,2,3,6,10,12.5,23,78.3,5,15,5,0,29.4,43.2,46.5,6,2,2,200,57,61.0,51.8,9,22.2,5,2,0,3,2,40.0,25,60.0,35,23,4,1
69574,20220315,1900,29,9,QRM,6,ACA,0,0,39.4,52.9,57.1,9,2,1,343,87,67.3,51.2,9,22.2,7,0,2,1,6,0.0,17,76.5,19,12,1,0,60.6,47.1,42.9,7,3,4,524,87,76.3,60.8,21,28.6,8,1,2,2,6,12.5,25,44.0,14,15,2,0
69575,20220315,1900,29,20,RAF,13,EAG,1,1,50.6,56.6,63.0,12,1,6,409,78,80.2,66.9,28,42.9,24,8,5,7,17,33.3,9,66.7,9,13,3,2,49.4,43.4,37.0,13,2,3,414,56,81.2,64.5,16,6.3,7,1,3,4,3,14.3,12,66.7,19,21,3,1
69576,20220315,1900,29,7,TFC,17,ASC,6,0,57.6,49.0,57.1,14,3,4,543,46,86.7,80.8,14,42.9,25,14,4,8,17,56.0,21,71.4,10,16,2,0,42.4,51.0,42.9,7,2,4,399,53,80.2,69.5,13,23.1,10,1,6,6,4,10.0,19,63.2,15,7,1,1
69577,20220315,1900,29,15,VAFC,2,SMC,1,1,39.5,44.1,47.0,15,0,2,298,78,59.4,49.2,13,15.4,8,5,1,4,4,62.5,12,25.0,20,26,4,0,60.5,55.9,53.0,13,3,5,453,76,75.5,63.2,19,36.8,14,6,2,5,9,42.9,18,66.7,15,24,2,0
69580,20220319,1500,30,4,AJA,7,TFC,1,2,40.3,38.1,37.9,17,0,2,366,73,76.5,60.2,9,22.2,8,5,1,3,5,62.5,9,66.7,19,14,1,1,59.7,61.9,62.1,7,2,5,539,62,83.9,72.6,17,23.5,16,3,6,9,7,18.8,25,44.0,9,13,1,0
69584,20220319,1500,30,12,HAC,2,SMC,2,4,58.3,50.9,50.0,4,2,7,420,67,80.7,67.6,18,44.4,13,6,1,5,8,46.2,9,22.2,6,22,9,1,41.7,49.1,50.0,14,5,4,302,57,77.5,68.1,10,50.0,14,6,1,3,11,42.9,21,71.4,17,18,5,0
69578,20220319,1900,30,6,ACA,8,NO,1,0,59.7,40.2,41.7,15,0,11,480,62,79.0,66.9,41,22.0,24,10,2,9,15,41.7,15,66.7,10,10,1,0,40.3,59.8,58.3,19,1,2,344,77,65.7,52.2,6,16.7,3,1,1,0,3,33.3,26,57.7,40,9,1,0
69579,20220319,1900,30,17,ASC,18,DFCO,1,1,57.7,55.0,60.7,8,3,10,508,60,84.1,69.7,19,26.3,15,4,3,6,9,26.7,19,52.6,10,11,1,0,42.3,45.0,39.3,21,1,4,376,60,76.3,63.3,14,21.4,7,2,2,4,3,28.6,19,78.9,17,12,1,0
69581,20220319,1900,30,10,USLD,15,VAFC,1,2,60.2,57.1,62.5,9,6,6,480,72,68.3,59.2,22,22.7,12,2,6,5,7,16.7,21,52.4,21,10,0,0,39.8,42.9,37.5,21,2,3,323,83,59.1,51.2,13,23.1,4,4,0,1,3,100.0,22,72.7,30,22,0,0
69582,20220319,1900,30,19,GF38,11,SCB,1,1,45.1,48.5,46.4,6,2,1,377,64,72.9,60.1,7,0.0,10,4,4,4,6,40.0,17,52.9,24,15,1,0,54.9,51.5,53.6,12,2,6,447,69,76.3,63.2,22,27.3,8,2,1,1,7,25.0,20,50.0,9,16,2,0
69583,20220319,1900,30,13,EAG,16,ASNL,3,1,51.7,52.5,54.8,10,1,11,415,75,78.6,66.2,19,21.1,14,5,4,6,8,35.7,18,61.1,11,15,1,0,48.3,47.5,45.2,16,1,6,383,67,75.7,59.7,20,40.0,15,4,5,4,11,26.7,16,75.0,8,11,1,0
69585,20220319,1900,30,14,CNFC,9,QRM,2,0,38.3,60.8,67.9,10,7,1,306,46,76.1,62.6,5,20.0,11,4,1,5,6,36.4,14,78.6,22,18,0,0,61.7,39.2,32.1,4,0,5,481,53,82.7,62.6,19,10.5,8,2,4,2,6,25.0,10,70.0,7,25,2,1
69586,20220319,1900,30,1,PFC,5,PAUFC,1,1,54.0,51.4,58.3,9,2,4,461,77,75.7,62.2,12,33.3,13,1,7,6,7,7.7,17,52.9,12,19,2,0,46.0,48.6,41.7,19,1,3,393,82,75.6,58.7,11,27.3,6,3,1,1,5,50.0,18,55.6,13,19,2,0
69587,20220319,1900,30,3,FCSM,20,RAF,2,0,60.4,60.2,54.5,3,1,5,563,57,86.1,70.0,17,23.5,18,7,4,7,11,38.9,19,42.1,20,11,4,0,39.6,39.8,45.5,10,0,3,362,50,77.9,62.0,16,37.5,5,4,0,2,3,80.0,7,57.1,15,18,4,0
69596,20220402,1500,31,7,TFC,1,PFC,2,1,62.4,46.7,65.5,10,3,6,646,66,87.3,81.2,24,25.0,11,6,2,3,8,54.5,13,61.5,6,9,0,0,37.6,53.3,34.5,15,1,3,388,71,76.3,63.8,14,35.7,5,2,2,0,5,40.0,28,50.0,17,8,0,0
69588,20220402,1900,31,11,SCB,4,AJA,1,1,42.2,49.0,40.5,23,7,2,399,88,68.2,50.3,11,9.1,8,1,2,6,2,12.5,15,60.0,23,10,1,0,57.8,51.0,59.5,13,3,7,535,72,77.6,61.2,24,25.0,9,2,1,3,6,22.2,16,62.5,9,9,1,0
69589,20220402,1900,31,2,SMC,10,USLD,2,1,52.2,52.3,64.5,11,1,1,495,93,79.2,66.7,13,46.2,10,5,2,0,10,50.0,23,82.6,16,19,2,0,47.8,47.7,35.5,12,3,1,447,62,76.5,64.1,19,21.1,4,1,0,1,3,25.0,22,72.7,12,17,2,0
69590,20220402,1900,31,18,DFCO,19,GF38,1,0,54.9,61.4,66.7,8,1,10,469,52,81.0,67.4,34,17.6,14,5,3,6,8,35.7,25,52.0,6,11,0,0,45.1,38.6,33.3,17,1,1,405,57,76.0,54.2,8,0.0,1,0,0,1,0,0.0,16,50.0,26,15,2,1
69592,20220402,1900,31,8,NO,13,EAG,0,2,50.4,41.8,43.5,12,1,5,500,56,85.4,73.2,27,18.5,8,1,1,4,4,12.5,14,50.0,20,8,1,0,49.6,58.2,56.5,9,1,7,498,64,80.7,71.6,23,34.8,17,6,2,6,11,35.3,27,63.0,16,10,0,0
69593,20220402,1900,31,5,PAUFC,12,HAC,2,1,39.9,48.3,52.9,14,5,0,374,65,81.0,65.7,17,5.9,9,4,1,3,6,44.4,20,80.0,18,8,1,0,60.1,51.7,47.1,6,0,5,571,48,84.1,72.3,23,13.0,12,4,2,7,5,33.3,16,81.3,7,9,1,0
69594,20220402,1900,31,9,QRM,3,FCSM,0,2,43.6,62.1,60.9,5,1,9,377,52,74.0,54.2,26,15.4,11,2,4,6,5,18.2,16,62.5,10,8,2,0,56.4,37.9,39.1,7,1,3,515,81,81.2,67.5,13,23.1,11,4,3,5,6,36.4,12,58.3,20,11,0,0
69595,20220402,1900,31,20,RAF,14,CNFC,1,1,45.1,45.8,60.5,14,2,5,376,85,73.7,57.5,22,36.4,7,2,1,1,6,28.6,10,50.0,22,17,1,0,54.9,54.2,39.5,2,0,8,459,78,78.9,59.9,26,19.2,9,6,1,5,4,66.7,14,71.4,11,10,1,0
69597,20220402,1900,31,15,VAFC,17,ASC,0,2,55.1,45.9,39.3,7,1,6,486,61,77.8,63.5,29,20.7,16,5,4,8,8,31.3,14,57.1,6,17,2,0,44.9,54.1,60.7,16,6,1,417,64,78.4,68.8,4,0.0,9,4,0,5,4,44.4,16,37.5,28,17,0,0
69591,20220404,2045,31,16,ASNL,6,ACA,0,2,41.1,54.3,56.9,8,0,0,320,66,62.8,54.9,11,18.2,7,1,1,4,3,14.3,12,41.7,32,15,1,1,58.9,45.7,43.1,8,3,6,463,64,73.7,59.8,17,11.8,13,4,4,8,5,30.8,10,80.0,15,16,4,0
69602,20220409,1500,32,13,EAG,7,TFC,2,4,48.6,51.1,44.8,10,2,7,415,44,79.5,65.4,27,14.8,16,6,7,12,4,37.5,7,57.1,10,13,3,0,51.4,48.9,55.2,11,1,2,461,73,80.7,68.4,6,33.3,14,6,2,5,9,42.9,13,84.6,23,13,3,0
69598,20220409,1900,32,6,ACA,5,PAUFC,2,1,49.5,51.6,52.9,16,1,4,402,70,74.1,64.1,16,31.3,23,9,3,5,18,39.1,25,64.0,9,13,1,0,50.5,48.4,47.1,14,5,2,408,74,74.5,64.9,15,20.0,5,2,1,1,4,40.0,23,73.9,21,13,2,0
69599,20220409,1900,32,17,ASC,11,SCB,0,0,56.5,46.3,55.9,13,3,2,551,82,84.2,74.8,11,36.4,8,4,0,2,6,50.0,11,45.5,7,14,2,0,43.5,53.7,44.1,7,4,1,422,68,76.3,64.4,11,9.1,4,2,1,2,2,50.0,19,73.7,14,15,1,0
69600,20220409,1900,32,4,AJA,15,VAFC,1,0,57.1,47.2,46.3,8,6,6,529,88,77.7,68.9,12,50.0,14,5,7,4,10,35.7,22,63.6,13,14,1,0,42.9,52.8,53.7,14,3,2,390,59,80.3,66.5,18,11.1,5,0,1,3,2,0.0,14,35.7,14,12,3,0
69601,20220409,1900,32,19,GF38,2,SMC,0,2,45.9,47.7,44.4,9,1,4,421,63,79.1,65.6,11,27.3,5,2,0,2,3,40.0,17,70.6,13,13,1,0,54.1,52.3,55.6,9,0,0,500,79,82.0,66.7,13,15.4,8,5,0,5,3,62.5,26,57.7,7,20,2,0
69603,20220409,1900,32,12,HAC,10,USLD,2,1,57.1,48.1,40.6,10,1,3,468,59,79.5,69.3,19,15.8,10,6,2,3,7,60.0,16,56.3,13,9,3,0,42.9,51.9,59.4,22,2,8,335,43,73.7,65.7,25,44.0,18,7,6,3,15,38.9,18,72.2,12,17,2,0
69604,20220409,1900,32,14,CNFC,8,NO,0,0,52.5,57.9,57.1,9,3,8,468,70,76.3,64.0,28,28.6,12,0,4,6,6,0.0,23,56.5,11,13,1,0,47.5,42.1,42.9,11,2,2,427,58,77.0,58.4,17,35.3,5,0,1,2,3,0.0,23,69.6,28,16,2,0
69606,20220409,1900,32,9,QRM,20,RAF,2,0,47.8,56.2,61.0,16,1,2,324,66,67.6,54.9,14,28.6,13,3,4,9,4,23.1,21,33.3,20,17,3,0,52.2,43.8,39.0,11,0,3,351,83,67.0,59.2,22,36.4,18,8,6,9,9,44.4,19,52.6,11,12,3,0
69607,20220409,1900,32,3,FCSM,16,ASNL,1,0,52.2,47.7,44.0,10,1,6,449,74,80.6,65.3,16,31.3,9,3,3,3,6,33.3,24,87.5,20,15,2,0,47.8,52.3,56.0,16,0,6,412,61,78.4,67.0,15,20.0,14,3,3,7,7,21.4,21,76.2,10,13,1,1
69605,20220411,2045,32,1,PFC,18,DFCO,2,2,68.5,42.9,44.7,7,3,4,565,61,82.8,70.1,18,27.8,10,3,2,4,6,30.0,12,58.3,11,17,3,0,31.5,57.1,55.3,13,0,4,253,60,66.8,56.9,15,26.7,8,4,1,3,5,50.0,12,75.0,26,8,1,0
69614,20220416,1500,33,5,PAUFC,4,AJA,1,4,38.8,58.3,58.8,7,2,4,363,51,81.5,62.3,17,11.8,7,3,3,2,5,42.9,8,75.0,21,8,3,2,61.2,41.7,41.2,10,0,3,586,78,88.6,82.7,21,28.6,26,11,4,10,16,42.3,14,42.9,13,11,1,0
69616,20220416,1500,33,7,TFC,9,QRM,2,0,66.6,46.0,48.4,7,2,12,540,53,86.1,75.3,30,23.3,19,7,3,7,12,36.8,14,42.9,10,14,1,0,33.4,54.0,51.6,9,3,2,275,68,68.7,58.1,8,37.5,13,4,2,8,5,30.8,18,61.1,21,9,2,0
69608,20220416,1900,33,11,SCB,13,EAG,1,2,46.6,50.9,46.7,15,5,6,375,78,72.5,56.5,22,36.4,8,2,2,5,3,25.0,19,52.6,16,10,2,0,53.4,49.1,53.3,17,2,1,441,55,76.2,57.4,12,8.3,9,4,1,4,5,44.4,15,66.7,15,18,1,0
69609,20220416,1900,33,2,SMC,17,ASC,1,1,51.7,46.5,50.0,9,1,3,451,56,80.5,68.2,16,12.5,14,6,4,6,8,42.9,14,71.4,8,17,0,0,48.3,53.5,50.0,18,5,3,431,51,79.1,70.9,9,22.2,6,3,1,2,4,50.0,21,61.9,12,12,2,1
69610,20220416,1900,33,18,DFCO,6,ACA,0,3,58.5,57.1,60.0,15,1,5,403,64,74.9,57.1,21,19.0,7,0,1,2,5,0.0,14,78.6,10,18,0,0,41.5,42.9,40.0,12,2,3,301,75,68.4,54.2,8,25.0,7,5,0,3,4,71.4,13,69.2,23,19,2,0
69611,20220416,1900,33,10,USLD,19,GF38,0,3,61.5,44.4,39.5,12,0,4,434,67,76.0,63.7,21,28.6,4,2,1,1,3,50.0,18,44.4,10,17,0,0,38.5,55.6,60.5,13,3,7,271,67,59.8,51.8,15,33.3,11,5,3,3,8,45.5,30,66.7,17,20,1,0
69612,20220416,1900,33,16,ASNL,14,CNFC,0,2,60.0,48.6,60.0,8,0,2,509,61,81.5,69.1,25,24.0,10,1,2,6,4,10.0,15,66.7,10,16,0,0,40.0,51.4,40.0,11,1,5,345,83,73.3,59.0,14,35.7,11,6,2,1,10,54.5,13,61.5,21,13,1,0
69613,20220416,1900,33,8,NO,3,FCSM,1,3,37.3,50.0,38.9,19,2,4,338,68,71.6,55.5,11,45.5,9,4,1,2,7,44.4,11,45.5,9,14,1,0,62.7,50.0,61.1,10,4,2,569,63,83.5,61.7,14,14.3,12,6,2,5,7,50.0,5,80.0,9,15,2,0
69615,20220416,1900,33,20,RAF,1,PFC,0,1,45.5,49.4,40.6,10,3,3,414,66,82.6,64.5,27,18.5,9,2,4,2,7,22.2,11,63.6,12,12,0,0,54.5,50.6,59.4,7,2,6,513,60,85.8,66.4,18,11.1,6,2,2,3,3,33.3,8,12.5,22,13,0,0
69617,20220416,1900,33,15,VAFC,12,HAC,0,1,37.5,45.5,45.5,23,2,6,331,48,76.1,61.7,19,36.8,12,1,3,7,5,8.3,15,80.0,17,13,3,0,62.5,54.5,54.5,7,5,6,565,71,85.0,70.0,14,7.1,11,3,4,3,8,27.3,20,80.0,11,10,2,0
69618,20220419,2000,34,6,ACA,10,USLD,2,1,52.1,53.8,57.9,16,2,6,401,74,71.8,60.7,22,31.8,14,8,1,7,7,57.1,19,63.2,8,14,0,0,47.9,46.2,42.1,8,2,2,376,79,64.6,50.7,6,0.0,2,1,0,2,0,50.0,21,52.4,12,14,2,0
69619,20220419,2000,34,17,ASC,12,HAC,0,2,48.5,57.0,57.1,16,3,4,458,51,83.2,71.2,21,28.6,11,1,3,4,7,9.1,14,78.6,6,14,3,0,51.5,43.0,42.9,17,0,2,495,42,85.5,75.9,7,14.3,10,3,2,3,7,30.0,8,37.5,10,11,2,0
69620,20220419,2000,34,4,AJA,18,DFCO,2,1,56.2,50.0,43.3,14,2,5,514,90,81.9,68.1,17,29.4,16,7,4,3,13,43.8,19,63.2,11,13,1,0,43.8,50.0,56.7,13,4,2,399,47,77.2,59.5,12,0.0,8,1,1,5,3,12.5,19,47.4,17,13,2,0
69621,20220419,2000,34,19,GF38,15,VAFC,3,0,35.3,41.7,37.0,14,1,1,239,65,58.2,48.0,6,50.0,9,4,3,1,8,44.4,16,50.0,18,22,4,0,64.7,58.3,63.0,6,1,5,431,60,76.8,61.9,24,20.8,7,4,1,3,4,57.1,16,31.3,8,14,2,0
69622,20220419,2000,34,13,EAG,5,PAUFC,3,0,58.3,54.9,69.6,14,1,4,555,49,84.7,68.7,17,29.4,14,6,2,5,9,42.9,18,50.0,12,12,3,0,41.7,45.1,30.4,21,0,7,388,53,81.7,69.0,21,23.8,11,0,6,5,6,0.0,16,43.8,15,9,2,0
69623,20220419,2000,34,14,CNFC,11,SCB,1,1,47.3,49.0,43.5,7,0,2,378,66,76.7,52.9,13,38.5,7,3,1,2,5,42.9,12,41.7,12,16,2,0,52.7,51.0,56.5,14,1,5,426,68,79.8,62.0,16,18.8,11,4,4,6,5,36.4,14,71.4,12,15,4,0
69624,20220419,2000,34,1,PFC,2,SMC,1,0,46.6,46.5,38.9,6,0,3,479,59,82.9,67.9,10,20.0,5,2,2,4,1,40.0,19,57.9,19,18,2,0,53.4,53.5,61.1,9,2,6,538,44,85.3,73.8,22,27.3,9,4,0,3,6,44.4,13,46.2,6,14,3,0
69625,20220419,2000,34,9,QRM,8,NO,0,1,55.9,54.8,68.6,9,5,3,447,62,75.8,65.6,17,52.9,16,2,5,5,11,12.5,20,60.0,13,14,1,0,44.1,45.2,31.4,13,3,0,355,65,70.4,49.7,13,15.4,6,4,2,2,4,66.7,27,63.0,20,15,4,0
69626,20220419,2000,34,20,RAF,16,ASNL,1,1,39.7,49.6,56.8,12,1,6,291,70,72.5,61.2,30,36.7,14,2,3,3,11,14.3,13,46.2,22,19,1,0,60.3,50.4,43.2,8,2,5,464,62,82.5,65.9,24,12.5,12,5,2,5,7,41.7,14,71.4,14,10,1,0
69627,20220419,2000,34,3,FCSM,7,TFC,1,1,45.2,48.0,18.5,10,1,5,408,68,78.9,62.1,15,20.0,10,3,5,7,3,30.0,19,57.9,5,15,4,0,54.8,52.0,81.5,11,2,4,493,44,83.8,76.5,17,29.4,18,6,8,6,12,33.3,11,45.5,14,18,2,0
69628,20220422,2100,35,11,SCB,1,PFC,2,1,40.9,46.6,38.6,6,3,3,333,71,73.6,60.4,10,60.0,12,4,3,3,9,33.3,12,50.0,32,14,1,0,59.1,53.4,61.4,3,5,8,475,65,78.9,64.7,23,26.1,17,7,4,7,10,41.2,9,66.7,6,18,2,0
69630,20220422,2100,35,18,DFCO,13,EAG,3,3,34.6,44.3,47.2,9,1,3,298,67,71.8,59.2,10,30.0,14,4,4,4,10,28.6,25,60.0,25,12,1,0,65.4,55.7,52.8,8,3,10,559,47,85.3,69.7,25,32.0,25,6,6,8,17,24.0,20,75.0,8,8,1,0
69631,20220422,2100,35,10,USLD,17,ASC,0,0,44.9,52.9,48.1,15,1,1,389,59,74.8,59.5,25,20.0,9,2,1,6,3,22.2,20,50.0,20,13,1,0,55.1,47.1,51.9,11,3,8,486,78,79.4,68.5,22,36.4,10,4,3,3,7,40.0,12,50.0,22,12,0,0
69632,20220422,2100,35,12,HAC,19,GF38,0,1,71.1,44.7,50.0,14,1,5,701,69,91.3,84.0,21,9.5,15,4,6,8,7,26.7,6,50.0,10,10,0,0,28.9,55.3,50.0,12,4,3,278,58,73.0,57.2,9,11.1,9,3,3,6,3,33.3,25,56.0,22,12,0,0
69634,20220422,2100,35,8,NO,20,RAF,3,2,49.8,55.1,48.5,20,2,1,404,55,81.9,65.3,11,36.4,6,5,0,1,5,83.3,22,50.0,34,10,0,0,50.2,44.9,51.5,7,1,7,380,65,80.5,65.2,40,22.5,16,5,4,6,10,31.3,17,52.9,5,22,2,0
69635,20220422,2100,35,5,PAUFC,3,FCSM,0,1,52.3,51.7,51.9,17,2,4,482,47,84.6,67.4,20,15.0,12,2,6,6,6,16.7,13,53.8,6,11,1,0,47.7,48.3,48.1,7,1,3,446,62,83.0,63.7,10,30.0,6,2,1,1,5,33.3,14,42.9,13,10,1,0
69637,20220422,2100,35,15,VAFC,6,ACA,0,0,43.4,54.3,62.5,4,2,5,313,61,66.8,51.6,14,14.3,4,1,1,2,2,25.0,23,52.2,16,13,2,0,56.6,45.7,37.5,13,0,3,415,61,74.9,59.6,13,15.4,10,1,3,2,8,10.0,20,60.0,19,14,3,0
69629,20220423,1500,35,2,SMC,4,AJA,1,1,58.9,51.0,57.1,12,7,7,469,63,82.5,74.0,35,17.1,16,2,3,9,7,12.5,11,63.6,8,15,3,0,41.1,49.0,42.9,13,2,4,345,80,71.9,56.0,8,37.5,8,5,2,2,6,62.5,20,65.0,35,14,2,1
69636,20220425,2045,35,7,TFC,14,CNFC,2,0,55.0,60.5,65.0,4,3,7,575,44,88.3,76.5,24,45.8,20,7,4,9,11,35.0,19,52.6,8,14,0,0,45.0,39.5,35.0,7,2,2,478,41,86.0,71.0,10,20.0,5,2,1,3,2,40.0,6,100.0,21,6,2,0
69639,20220430,1500,36,4,AJA,10,USLD,1,0,70.7,44.3,45.5,11,2,11,546,70,84.1,72.9,37,18.9,18,4,8,9,9,22.2,8,87.5,12,20,2,0,29.3,55.7,54.5,16,1,3,227,54,67.4,55.4,11,18.2,6,4,0,2,4,66.7,17,64.7,39,17,2,0
69638,20220430,1900,36,6,ACA,12,HAC,2,1,33.7,43.8,60.0,21,2,6,278,58,67.3,57.6,19,21.1,10,5,0,6,4,50.0,18,55.6,13,13,2,0,66.3,56.3,40.0,9,2,1,565,66,81.6,65.4,10,20.0,9,3,0,4,5,33.3,19,68.4,10,10,1,0
69640,20220430,1900,36,19,GF38,17,ASC,1,1,35.7,54.0,68.8,13,1,6,328,42,74.4,65.2,11,27.3,13,2,3,6,7,15.4,14,71.4,25,12,1,0,64.3,46.0,31.3,11,0,10,588,51,86.2,75.7,26,26.9,7,2,2,1,6,28.6,16,81.3,9,11,3,0
69641,20220430,1900,36,13,EAG,2,SMC,2,1,55.4,52.9,51.6,14,2,6,460,41,85.9,74.1,28,25.0,25,9,3,9,16,36.0,11,72.7,6,15,1,0,44.6,47.1,48.4,9,0,3,376,64,80.3,64.0,14,14.3,8,6,1,2,6,75.0,14,28.6,18,19,3,0
69642,20220430,1900,36,16,ASNL,8,NO,1,3,56.5,53.3,64.7,15,2,9,445,59,79.1,70.9,39,33.3,25,10,7,8,17,40.0,14,64.3,14,12,1,0,43.5,46.7,35.3,13,4,7,354,65,72.0,50.3,15,20.0,12,7,5,6,6,58.3,18,83.3,31,10,2,0
69643,20220430,1900,36,14,CNFC,18,DFCO,1,3,45.8,54.8,48.5,14,5,4,390,59,78.2,54.3,14,21.4,10,4,0,3,7,40.0,12,66.7,7,7,0,0,54.2,45.2,51.5,12,0,6,461,58,79.4,62.5,16,31.3,19,9,3,2,17,47.4,15,73.3,14,13,1,0
69644,20220430,1900,36,1,PFC,15,VAFC,1,1,68.9,53.1,52.8,8,3,8,561,63,81.5,68.7,31,25.8,12,3,6,4,8,25.0,13,53.8,11,12,4,0,31.1,46.9,47.2,9,1,2,260,56,65.4,52.7,13,15.4,15,8,3,7,8,53.3,8,62.5,31,14,1,0
69645,20220430,1900,36,9,QRM,5,PAUFC,1,2,41.7,51.0,55.6,12,2,3,333,69,67.3,55.6,17,23.5,9,4,4,4,5,44.4,21,71.4,12,14,1,0,58.3,49.0,44.4,9,2,4,478,71,77.8,61.7,18,22.2,10,3,2,1,9,30.0,15,66.7,13,7,0,0
69647,20220430,1900,36,3,FCSM,11,SCB,2,1,57.2,48.5,57.1,11,1,6,442,46,85.1,68.1,19,21.1,9,2,3,7,2,22.2,13,46.2,4,17,2,0,42.8,51.5,42.9,12,2,1,342,57,73.7,64.0,5,40.0,4,0,2,2,2,0.0,18,50.0,11,15,3,0
69646,20220502,2045,36,20,RAF,7,TFC,1,0,29.8,42.3,29.5,11,0,8,245,72,63.7,44.1,21,23.8,10,3,3,5,5,30.0,9,88.9,20,10,1,0,70.2,57.7,70.5,9,2,6,621,63,84.5,75.7,20,35.0,15,3,3,1,14,20.0,11,54.5,14,12,1,0
