id,date,hour,leagueMatchNb,idHome,homeTeam,idAway,awayTeam,h_score,a_score,h_possession,h_shots,h_targettedShots,h_nonTargettedShots,h_blockedShots,h_freeKicks,h_corners,h_offPlays,h_throwsIns,h_goalKeeperSaves,h_fouls,h_redCards,h_yellowCards,h_attemptedPasses,h_succeededPasses,h_tackles,h_attacks,h_dangerousAttacks,a_possession,a_shots,a_targettedShots,a_nonTargettedShots,a_blockedShots,a_freeKicks,a_corners,a_offPlays,a_throwsIns,a_goalKeeperSaves,a_fouls,a_redCards,a_yellowCards,a_attemptedPasses,a_succeededPasses,a_tackles,a_attacks,a_dangerousAttacks
1,20211222,2100,19,12,FCGB,1,LOSC,2,3,41,12,3,5,4,14,5,1,32,0,11,0,1,341,265,15,93,39,59,13,3,6,4,14,6,3,16,1,7,0,3,502,406,19,108,39
2,20211222,2100,19,16,FCL,2,PSG,1,1,23,17,5,8,4,12,6,2,11,3,6,0,1,229,171,18,68,29,77,17,4,10,3,12,8,2,23,4,8,1,3,784,717,18,175,119
3,20211222,2100,19,4,OL,10,FCM,1,1,76,18,6,4,8,22,13,0,26,1,12,0,2,718,631,26,175,68,24,6,2,1,3,12,2,3,15,5,19,0,3,222,139,34,83,18
4,20211222,2100,19,5,OM,14,SDR,1,1,73,14,6,4,4,9,7,0,27,1,12,1,4,716,637,6,143,74,27,7,2,5,0,11,4,3,10,5,6,1,4,260,199,18,49,21
5,20211222,2100,19,3,ASM,6,SRFC,2,1,48,11,3,5,3,8,7,3,21,5,11,0,2,410,309,7,121,48,52,16,6,5,5,14,5,0,13,1,9,0,1,469,359,11,109,38
6,20211222,2100,19,8,MHSC,13,SCO,4,1,46,9,6,1,2,16,1,0,21,5,13,0,1,405,319,26,72,29,54,13,6,5,2,13,6,3,27,2,13,0,1,448,391,15,134,53
7,20211222,2100,19,9,OGCN,7,RCL,2,1,55,9,3,5,1,13,5,1,20,3,7,0,0,592,531,12,121,66,45,8,4,3,1,8,4,4,11,1,9,0,2,499,432,17,98,30
8,20211222,2100,19,11,ASSE,18,FCN,0,1,50,14,6,5,3,16,5,2,33,2,13,0,1,462,354,15,108,33,50,8,3,4,1,14,4,4,42,6,12,0,1,445,339,20,145,69
9,20211222,2100,19,25,ESTAC,17,SB29,1,1,66,15,4,8,3,10,9,3,16,1,16,1,3,588,503,13,147,61,34,8,2,4,2,19,0,0,17,3,10,0,2,307,218,17,87,28
10,20211212,2045,18,2,PSG,3,ASM,2,0,52,9,2,4,3,17,1,4,11,3,8,0,3,539,474,13,95,32,48,13,3,5,5,12,6,3,11,0,15,0,4,480,402,26,105,52
11,20211212,1700,18,15,RCSA,5,OM,0,2,49,11,3,6,2,13,8,2,24,1,10,0,2,492,408,12,124,48,51,8,3,4,1,12,3,1,9,3,12,0,1,511,426,13,67,22
12,20211212,1500,18,13,SCO,41,CF63,0,1,64,12,3,5,4,23,8,0,22,2,8,0,1,629,555,9,137,60,36,17,3,8,6,9,3,2,20,3,12,0,2,355,270,23,77,36
13,20211212,1500,18,10,FCM,16,FCL,4,1,33,5,3,1,1,12,3,2,22,5,10,0,2,277,205,21,60,27,67,17,6,8,3,17,8,0,40,0,8,0,2,545,464,20,145,81
14,20211212,1500,18,6,SRFC,9,OGCN,1,2,67,20,8,7,5,18,11,1,17,1,10,0,1,596,517,9,162,78,33,7,3,2,2,12,6,2,14,7,11,0,4,309,236,13,64,25
15,20211212,1500,18,25,ESTAC,12,FCGB,1,2,65,21,3,12,6,29,8,2,26,2,11,0,3,506,428,13,137,83,35,8,4,2,2,15,1,3,11,2,15,0,3,291,206,17,59,15
16,20211212,1300,18,1,LOSC,4,OL,0,0,51,14,2,9,3,25,4,4,23,2,11,0,2,470,367,11,130,48,49,13,2,7,4,22,3,2,26,2,15,0,6,451,345,18,114,44
17,20211211,2100,18,14,SDR,11,ASSE,2,0,53,17,6,8,3,15,11,6,19,0,19,0,2,392,327,17,116,49,47,4,0,2,2,25,5,0,22,4,16,1,2,352,271,13,84,26
18,20211211,1700,18,17,SB29,8,MHSC,0,4,43,17,6,6,5,9,8,0,22,0,16,0,2,400,321,21,131,55,57,9,4,4,1,16,2,3,12,6,6,0,1,550,474,20,89,21
19,20211210,2100,18,18,FCN,7,RCL,3,2,40,15,5,4,6,11,8,0,19,0,10,0,3,365,293,21,92,45,60,4,2,1,1,10,2,1,18,2,10,0,3,559,477,13,105,32
20,20211205,2045,17,12,FCGB,4,OL,2,2,30,12,5,6,1,11,3,3,22,3,11,0,0,288,199,22,65,25,70,19,5,8,6,14,8,2,26,3,9,0,0,702,610,14,179,78
21,20211205,1700,17,9,OGCN,15,RCSA,0,3,60,12,5,4,3,17,9,2,12,2,9,0,3,481,405,7,122,42,40,15,5,6,4,11,4,3,16,5,14,0,3,321,244,13,72,20
22,20211205,1500,17,16,FCL,18,FCN,0,1,54,17,2,9,6,21,8,0,26,0,8,0,1,497,413,19,118,59,46,5,1,2,2,12,3,1,27,2,13,0,3,438,351,15,95,39
23,20211205,1500,17,3,ASM,10,FCM,4,0,65,8,5,2,1,23,5,4,23,0,13,0,1,587,507,21,123,47,35,6,0,4,2,22,4,1,13,1,13,0,2,307,228,18,91,31
24,20211205,1500,17,8,MHSC,41,CF63,1,0,48,8,2,3,3,15,1,2,21,3,19,0,3,476,385,18,117,21,52,10,3,5,2,26,3,1,30,1,14,1,3,495,416,18,118,53
25,20211205,1500,17,14,SDR,13,SCO,1,2,43,5,2,2,1,18,7,1,24,2,8,1,4,337,252,11,80,41,57,13,4,6,3,11,4,2,23,1,13,0,3,448,381,10,108,50
26,20211205,1300,17,11,ASSE,6,SRFC,0,5,44,12,2,4,6,12,7,3,20,5,10,0,1,360,288,15,78,37,56,18,10,5,3,18,2,2,20,2,7,0,0,489,393,15,100,48
27,20211204,2100,17,7,RCL,2,PSG,1,1,36,18,7,8,3,10,8,1,10,5,12,0,2,377,314,6,98,42,64,13,6,4,3,9,5,2,8,6,9,0,2,708,628,16,102,48
28,20211204,1900,17,1,LOSC,25,ESTAC,2,1,45,13,4,7,2,4,8,2,9,2,11,0,3,387,294,15,82,71,55,7,3,1,3,7,6,0,15,2,9,0,4,484,375,19,118,57
29,20211204,1700,17,5,OM,17,SB29,1,2,74,16,4,6,6,13,5,1,21,2,10,0,1,824,759,17,156,43,26,9,4,2,3,12,0,2,16,3,7,0,2,290,222,21,53,31
30,20211201,2100,16,41,CF63,7,RCL,2,2,53,19,7,10,2,20,5,3,29,0,7,1,4,493,0,11,102,45,47,9,2,6,1,13,3,0,15,5,13,0,5,449,0,13,123,23
31,20211201,2100,16,4,OL,14,SDR,1,2,63,14,6,4,4,27,3,0,21,2,14,0,3,626,0,15,134,57,37,8,4,2,2,20,4,3,22,5,17,0,2,363,0,13,116,46
32,20211201,2100,16,18,FCN,5,OM,0,1,30,3,1,0,2,10,4,5,16,4,13,1,3,313,261,17,59,25,70,15,5,6,4,29,6,1,12,1,7,0,2,763,707,13,135,61
33,20211201,2100,16,2,PSG,9,OGCN,0,0,70,22,5,8,9,22,6,4,27,2,5,0,1,731,660,11,153,85,30,4,2,1,1,10,5,1,10,5,13,0,3,308,230,21,67,22
34,20211201,2100,16,6,SRFC,1,LOSC,1,2,65,10,2,3,5,15,3,1,24,0,12,0,2,596,0,13,177,69,35,6,2,2,2,13,1,2,20,1,12,0,1,331,0,19,79,19
35,20211201,1900,16,13,SCO,3,ASM,1,3,48,9,3,5,1,29,4,3,20,5,13,0,1,411,324,9,82,34,52,14,8,3,3,23,4,5,17,2,18,0,2,449,349,30,130,54
36,20211201,1900,16,17,SB29,11,ASSE,1,0,35,8,3,3,2,10,1,1,27,3,8,0,2,349,260,19,88,47,65,13,3,6,4,16,3,0,23,2,9,0,3,634,553,21,164,37
37,20211201,1900,16,10,FCM,8,MHSC,1,3,46,20,7,6,7,15,7,0,20,4,14,0,2,405,347,9,108,56,54,10,7,3,0,19,4,2,26,6,9,0,2,498,416,18,93,27
38,20211201,1900,16,15,RCSA,12,FCGB,5,2,50,19,6,9,4,13,5,0,20,0,14,0,2,437,358,15,109,46,50,13,2,7,4,18,2,1,21,1,13,0,3,445,367,13,97,39
39,20211201,1900,16,25,ESTAC,16,FCL,2,0,55,10,3,7,0,22,4,0,22,3,12,0,1,505,401,22,118,40,45,9,3,5,1,15,3,2,15,1,11,0,1,409,319,9,117,36
40,20211128,2045,15,5,OM,25,ESTAC,1,0,56,14,4,7,3,19,7,2,22,2,10,0,1,490,390,17,99,38,44,5,2,3,0,13,3,2,15,3,17,0,4,391,301,10,55,9
41,20211128,1700,15,8,MHSC,4,OL,0,1,44,15,6,6,3,20,8,1,13,2,7,0,1,426,357,24,92,42,56,11,3,5,3,11,5,1,24,6,15,0,4,558,472,18,119,61
42,20211128,1500,15,12,FCGB,17,SB29,1,2,65,16,4,6,6,17,5,1,21,2,13,0,3,574,491,18,119,57,35,14,4,8,2,18,2,0,19,3,11,0,1,305,215,15,92,52
43,20211128,1500,15,16,FCL,6,SRFC,0,2,42,6,0,5,1,16,3,1,31,3,11,0,0,347,244,18,134,41,58,11,5,2,4,14,4,1,27,0,11,0,2,490,386,17,114,35
44,20211128,1500,15,3,ASM,15,RCSA,1,1,59,8,3,3,2,16,4,0,29,3,12,0,2,571,449,17,132,41,41,7,4,1,2,15,3,2,19,2,9,0,1,398,294,15,113,32
45,20211128,1500,15,14,SDR,41,CF63,1,0,41,12,3,8,1,16,4,2,19,0,13,0,2,417,330,18,107,35,59,4,0,4,0,20,1,0,26,2,13,0,2,616,526,19,110,44
46,20211128,1300,15,11,ASSE,2,PSG,1,3,29,8,4,3,1,17,5,1,11,5,7,1,3,277,221,17,56,21,71,15,8,5,2,11,5,5,13,3,10,0,1,720,662,20,147,77
47,20211127,2100,15,9,OGCN,10,FCM,0,1,70,20,2,12,6,9,8,1,35,0,13,0,2,636,542,17,178,61,30,4,1,2,1,12,1,0,6,2,12,0,2,274,203,26,63,16
48,20211127,1700,15,1,LOSC,18,FCN,1,1,59,10,3,3,4,14,12,3,32,2,7,0,1,486,388,24,104,66,41,7,3,4,0,10,1,3,17,2,12,1,2,345,250,21,101,32
49,20211126,2100,15,7,RCL,13,SCO,2,2,49,9,4,4,1,8,5,2,22,3,15,0,2,444,385,19,109,36,51,12,5,5,2,19,5,0,15,2,6,0,0,470,391,15,98,43
50,20211121,2045,-1,4,OL,5,OM,0,0,50,0,0,0,0,0,0,0,0,0,0,0,0,0,0,1,0,0,50,0,0,0,0,0,1,0,0,0,0,0,0,26,26,0,0,0
51,20211121,1700,14,41,CF63,9,OGCN,1,2,51,18,6,6,6,23,3,1,14,2,7,0,1,505,426,15,96,36,49,9,4,1,4,13,5,2,20,5,16,0,4,480,395,18,122,41
52,20211121,1500,14,13,SCO,16,FCL,1,0,54,8,4,4,0,18,6,1,24,3,15,0,4,547,469,8,142,55,46,10,3,5,2,22,3,0,13,3,13,0,0,464,389,26,113,28
53,20211121,1500,14,10,FCM,12,FCGB,3,3,46,20,9,5,6,16,2,1,25,2,12,1,2,398,320,13,120,43,54,19,5,7,7,17,4,1,19,6,11,0,2,484,395,14,98,44
54,20211121,1500,14,15,RCSA,14,SDR,1,1,68,21,3,8,10,21,5,1,39,2,8,0,1,537,438,26,167,92,32,10,3,6,1,11,4,0,9,2,13,0,4,256,172,19,61,15
55,20211121,1500,14,25,ESTAC,11,ASSE,0,1,47,15,3,7,5,16,6,1,20,3,13,0,1,390,319,10,79,50,53,14,4,8,2,20,8,1,21,3,11,0,4,458,377,18,113,29
56,20211121,1300,14,17,SB29,7,RCL,4,0,36,13,5,5,3,7,5,1,12,5,7,0,1,339,267,22,78,38,64,14,5,6,3,8,5,0,26,1,7,1,2,610,536,10,160,40
57,20211120,2100,14,6,SRFC,8,MHSC,2,0,68,30,7,14,9,18,8,0,19,2,9,0,1,641,567,13,133,74,32,4,2,0,2,12,2,1,16,5,10,1,3,313,222,6,74,17
58,20211120,1700,14,2,PSG,18,FCN,3,1,66,14,7,2,5,13,4,6,19,5,8,1,1,772,713,22,127,57,34,12,6,4,2,14,3,1,12,4,12,0,2,377,335,19,101,45
59,20211119,2100,14,3,ASM,1,LOSC,2,2,53,17,8,6,3,28,6,2,32,6,15,1,3,427,335,24,122,57,47,15,8,5,2,18,5,1,19,6,16,0,5,378,280,15,94,40
60,20211107,2045,13,6,SRFC,4,OL,4,1,48,25,12,8,5,19,7,5,20,3,12,0,2,447,370,15,131,61,52,6,4,2,0,20,2,2,15,8,12,0,2,487,410,16,92,33
61,20211107,1700,13,9,OGCN,8,MHSC,0,1,69,22,6,11,5,8,8,0,12,1,9,0,2,633,559,16,128,81,31,8,2,3,3,10,2,1,24,6,7,0,0,292,221,14,92,17
62,20211107,1500,13,16,FCL,17,SB29,1,2,39,9,3,3,3,16,3,2,17,3,9,1,1,334,245,17,64,18,61,16,5,8,3,15,6,3,30,2,9,0,1,516,436,17,150,61
63,20211107,1500,13,18,FCN,15,RCSA,2,2,47,20,6,7,7,18,9,0,24,4,15,0,2,357,281,15,120,48,53,16,6,6,4,24,5,1,33,4,12,1,1,413,309,32,105,48
64,20211107,1500,13,14,SDR,3,ASM,0,0,42,11,4,5,2,21,5,1,30,3,9,0,0,369,255,15,99,50,58,12,3,6,3,12,6,2,24,4,13,0,2,526,421,17,125,57
65,20211107,1500,13,11,ASSE,41,CF63,3,2,49,18,4,12,2,19,9,0,31,2,7,0,1,441,349,16,111,46,51,9,4,4,1,11,2,3,23,1,10,0,1,461,368,17,105,47
66,20211107,1300,13,5,OM,10,FCM,0,0,76,15,3,7,5,20,9,3,14,4,8,0,1,632,569,11,144,61,24,12,4,5,3,15,7,6,12,3,9,1,3,177,125,17,54,36
67,20211106,2100,13,12,FCGB,2,PSG,2,3,44,18,6,3,9,16,10,3,11,2,9,0,2,426,367,20,101,45,56,9,5,2,2,15,5,3,14,4,10,0,1,569,481,12,82,38
68,20211106,1700,13,1,LOSC,13,SCO,1,1,46,11,6,3,2,14,4,6,19,4,13,1,2,462,379,30,103,39,54,9,5,3,1,24,8,0,17,5,9,0,2,542,465,20,111,42
69,20211105,2100,13,7,RCL,25,ESTAC,4,0,60,28,12,11,5,10,4,1,16,6,14,0,1,633,555,13,139,39,40,14,6,5,3,15,2,2,15,8,8,0,1,418,348,14,74,33
70,20211031,2045,12,41,CF63,5,OM,0,1,41,12,1,6,5,16,4,2,18,3,14,0,1,377,315,18,85,33,59,9,4,3,2,25,2,0,19,1,11,0,4,557,484,13,85,49
71,20211031,1700,12,17,SB29,3,ASM,2,0,33,7,3,3,1,20,2,0,20,2,8,0,1,310,201,19,94,41,67,5,2,3,0,8,5,3,19,1,17,0,4,644,548,16,166,40
72,20211031,1500,12,12,FCGB,14,SDR,3,2,52,16,6,7,3,13,12,1,26,6,5,0,2,414,348,13,96,59,48,12,8,4,0,8,2,0,19,3,10,0,2,393,310,25,104,28
73,20211031,1500,12,8,MHSC,18,FCN,2,0,57,19,10,6,3,22,5,1,30,1,12,0,3,366,285,22,96,43,43,12,1,9,2,13,5,0,27,8,23,0,5,266,178,26,85,49
74,20211031,1500,12,15,RCSA,16,FCL,4,0,53,15,6,7,2,16,6,1,21,0,12,0,1,438,369,13,113,50,47,5,0,4,1,16,3,1,12,2,10,0,0,393,315,14,73,20
75,20211031,1500,12,25,ESTAC,6,SRFC,2,2,38,14,5,5,4,25,5,0,13,3,6,0,0,275,205,12,63,41,62,13,5,5,3,7,12,3,26,3,15,0,1,452,385,15,108,65
76,20211031,1300,12,13,SCO,9,OGCN,1,2,37,3,2,0,1,13,3,2,12,3,14,0,1,403,311,13,73,16,63,14,5,5,4,21,8,2,18,1,9,0,2,667,574,16,150,69
77,20211030,2100,12,4,OL,7,RCL,2,1,55,13,4,4,5,24,3,1,21,9,7,0,1,558,471,17,120,33,45,18,10,4,4,11,5,3,19,2,13,0,2,444,373,19,107,61
78,20211030,1700,12,10,FCM,11,ASSE,1,1,37,9,4,3,2,20,5,1,24,2,16,0,0,295,215,22,86,36,63,11,3,7,1,25,8,2,25,3,11,0,3,517,426,12,127,42
79,20211029,2100,12,2,PSG,1,LOSC,2,1,60,17,6,9,2,22,4,0,14,2,7,0,1,565,523,17,95,56,40,11,3,5,3,10,5,4,19,4,10,0,5,382,321,29,75,44
80,20211027,2100,3,9,OGCN,5,OM,1,1,45,11,3,5,3,10,6,8,22,0,16,0,2,434,364,13,44,16,55,7,1,2,4,30,5,1,21,2,8,0,2,535,460,15,48,20
81,20211024,2045,11,5,OM,2,PSG,0,0,48,15,1,9,5,12,4,4,8,4,7,0,1,484,435,20,94,43,52,10,4,3,3,11,5,4,15,1,8,1,2,526,467,10,100,30
82,20211024,1700,11,3,ASM,8,MHSC,3,1,64,14,4,4,6,22,4,3,21,3,14,0,1,585,491,21,115,42,36,13,4,2,7,15,4,6,21,1,16,0,4,307,233,12,94,29
83,20211024,1500,11,7,RCL,10,FCM,4,1,56,11,5,2,4,13,5,1,22,3,9,0,2,475,402,13,102,39,44,9,4,3,2,10,6,0,25,1,13,0,3,378,304,14,87,34
84,20211024,1500,11,16,FCL,12,FCGB,1,1,53,14,4,7,3,13,9,2,17,4,12,0,4,504,407,15,103,54,47,11,5,3,3,14,4,0,16,3,13,1,2,447,360,10,99,33
85,20211024,1500,11,14,SDR,25,ESTAC,1,2,55,18,5,8,5,14,7,1,27,2,14,1,4,450,368,22,124,54,45,7,4,1,2,15,1,1,32,4,13,0,2,373,286,19,80,19
86,20211024,1500,11,6,SRFC,15,RCSA,1,0,64,17,3,9,5,14,11,1,17,2,6,0,1,606,519,11,150,70,36,8,2,5,1,6,6,3,16,2,11,0,2,336,265,13,77,52
87,20211024,1300,11,9,OGCN,4,OL,3,2,42,17,7,8,2,11,3,1,22,6,11,0,1,417,333,24,91,35,58,13,8,3,2,16,2,2,17,4,7,1,0,569,489,27,106,41
88,20211023,2100,11,1,LOSC,17,SB29,1,1,63,13,3,7,3,17,5,1,28,4,10,0,1,564,465,17,145,66,37,13,5,6,2,12,4,1,13,2,15,0,2,324,232,21,100,34
89,20211023,1700,11,18,FCN,41,CF63,2,1,46,8,4,2,2,17,1,0,20,0,15,1,1,459,378,14,125,48,54,4,1,3,0,20,3,1,11,2,11,1,0,545,464,12,84,26
90,20211022,2100,11,11,ASSE,13,SCO,2,2,64,17,6,5,6,29,6,4,18,0,12,0,0,547,459,34,166,75,36,4,2,1,1,21,1,1,27,4,18,0,3,314,223,25,78,29
91,20211017,2045,10,5,OM,16,FCL,4,1,64,16,6,6,4,18,6,2,14,6,7,0,0,574,513,12,133,42,36,15,7,7,1,10,4,1,15,2,10,0,1,321,254,18,70,19
92,20211017,1700,10,8,MHSC,7,RCL,1,0,50,15,6,4,5,17,3,1,29,5,8,1,4,408,318,9,102,56,50,18,5,10,3,9,2,1,28,5,16,0,4,413,324,18,102,54
93,20211017,1500,10,12,FCGB,18,FCN,1,1,60,8,1,6,1,19,2,1,23,6,10,0,2,490,387,14,118,39,40,13,7,6,0,11,5,3,23,0,16,0,3,321,221,11,101,50
94,20211017,1500,10,17,SB29,14,SDR,1,1,55,9,4,2,3,14,7,1,30,1,18,0,3,438,337,14,120,71,45,13,2,5,6,18,7,1,23,3,13,0,4,360,259,21,91,40
95,20211017,1500,10,10,FCM,6,SRFC,0,3,35,9,2,4,3,11,4,2,16,5,14,0,3,338,268,14,87,29,65,21,8,8,5,16,10,2,16,2,9,0,1,655,587,13,123,56
96,20211017,1500,10,15,RCSA,11,ASSE,5,1,52,12,6,5,1,13,7,0,22,1,18,0,3,451,379,19,107,35,48,4,2,2,0,18,4,3,16,2,10,1,2,421,361,17,98,38
97,20211017,1300,10,25,ESTAC,9,OGCN,1,0,38,8,3,3,2,20,4,2,14,3,10,0,2,336,259,16,80,39,62,11,3,6,2,12,3,0,14,2,20,0,1,575,498,12,142,46
98,20211016,2100,10,4,OL,3,ASM,2,0,62,14,8,5,1,12,2,1,16,3,8,0,1,673,596,15,133,45,38,9,3,2,4,8,4,2,22,6,10,0,2,411,325,25,110,30
99,20211016,1700,10,41,CF63,1,LOSC,1,0,43,9,3,5,1,10,6,0,25,2,9,0,1,387,305,16,94,63,57,9,2,4,3,9,9,1,23,2,8,0,2,519,426,20,116,55
100,20211015,2100,10,2,PSG,13,SCO,2,1,73,13,2,9,2,12,6,3,21,1,8,0,1,725,673,21,146,80,27,7,2,2,3,11,5,3,14,0,10,0,2,260,208,26,60,24
101,20211003,2045,9,11,ASSE,4,OL,1,1,45,18,6,9,3,13,6,3,22,4,14,0,2,350,271,15,89,49,55,15,5,3,7,18,4,4,24,5,10,1,3,455,370,8,102,46
102,20211003,1700,9,1,LOSC,5,OM,2,0,36,12,5,6,1,14,3,5,18,3,10,0,2,316,248,22,75,48,64,10,3,5,2,15,5,1,20,3,13,1,3,552,484,10,95,46
103,20211003,1500,9,13,SCO,10,FCM,3,2,58,18,5,4,9,12,12,1,18,0,16,0,1,563,491,14,130,50,42,2,2,0,0,17,2,1,22,2,11,0,3,412,335,26,101,31
104,20211003,1500,9,16,FCL,41,CF63,1,1,46,6,1,2,3,13,4,0,22,3,19,0,2,442,343,15,130,35,54,8,4,2,2,19,4,1,28,0,12,0,1,529,436,20,106,25
105,20211003,1500,9,3,ASM,12,FCGB,3,0,57,12,4,3,5,13,10,5,19,1,12,0,2,481,395,29,119,42,43,4,1,0,3,17,2,2,23,1,13,0,1,360,290,9,87,31
106,20211003,1500,9,18,FCN,25,ESTAC,2,0,54,8,4,2,2,10,3,2,17,4,14,0,2,441,362,20,108,39,46,15,4,6,5,16,7,1,25,2,10,0,2,371,306,19,105,59
107,20211003,1300,9,6,SRFC,2,PSG,2,0,33,12,4,5,3,6,4,2,9,0,9,0,2,282,218,15,80,57,67,13,0,10,3,11,4,2,17,2,4,0,3,593,520,18,110,70
108,20211002,2100,9,9,OGCN,17,SB29,2,1,70,20,9,10,1,13,6,3,14,1,8,0,1,765,679,15,186,62,30,6,2,3,1,11,2,1,14,7,12,0,1,323,230,16,80,24
109,20211002,1700,9,8,MHSC,15,RCSA,1,1,55,12,4,3,5,14,3,0,19,2,12,0,2,521,399,13,125,37,45,6,3,2,1,12,4,0,15,3,14,0,0,432,343,17,93,33
110,20211001,2100,9,7,RCL,14,SDR,2,0,61,13,7,4,2,14,5,2,20,0,13,0,3,660,592,18,139,52,39,3,0,3,0,15,3,2,21,5,13,1,1,417,339,18,79,25
111,20210926,2045,8,5,OM,7,RCL,2,3,60,13,4,6,3,21,5,3,29,2,4,0,2,554,485,16,95,31,40,13,5,4,4,7,7,0,12,2,14,0,1,361,305,20,79,37
112,20210926,1700,8,41,CF63,3,ASM,1,3,53,12,4,5,3,17,5,2,17,0,9,0,2,515,433,16,125,51,47,6,3,3,0,15,1,0,17,3,12,0,4,462,379,15,92,31
113,20210926,1500,8,17,SB29,10,FCM,1,2,66,11,2,5,4,16,4,4,29,2,16,0,3,474,393,17,139,85,34,6,4,1,1,20,3,1,14,1,16,0,2,247,156,19,77,27
114,20210926,1500,8,14,SDR,18,FCN,3,1,45,9,5,2,2,17,3,1,23,1,14,0,1,345,262,18,73,33,55,11,2,5,4,19,7,2,29,2,10,0,1,416,325,17,135,71
115,20210926,1500,8,25,ESTAC,13,SCO,1,1,37,6,3,3,0,10,2,1,11,5,9,1,4,319,261,20,74,33,63,17,6,5,6,14,9,0,11,2,8,0,2,563,512,18,113,54
116,20210926,1300,8,12,FCGB,6,SRFC,1,1,46,10,3,5,2,22,8,3,17,7,6,0,1,326,253,15,108,35,54,18,8,8,2,8,6,2,16,2,20,0,4,389,309,14,90,42
117,20210925,2100,8,4,OL,16,FCL,1,1,53,12,2,5,5,20,9,1,14,4,9,1,1,483,413,10,117,56,47,12,5,5,2,15,3,2,15,1,10,0,2,436,370,8,102,38
118,20210925,2100,8,2,PSG,8,MHSC,2,0,54,16,5,7,4,13,8,5,14,4,10,0,0,521,465,25,114,67,46,10,4,3,3,19,7,1,22,3,8,0,1,440,377,17,72,34
119,20210925,1900,8,15,RCSA,1,LOSC,1,2,57,10,3,6,1,23,8,0,26,5,17,1,4,446,360,9,110,54,43,16,7,6,3,21,8,1,17,2,12,0,4,336,258,16,81,33
120,20210925,1700,8,11,ASSE,9,OGCN,0,3,60,11,6,2,3,19,2,5,30,6,9,0,0,496,386,19,152,63,40,14,9,4,1,18,9,2,33,6,13,0,2,332,233,19,92,34
121,20210922,2100,7,13,SCO,5,OM,0,0,41,9,1,7,1,8,4,1,16,1,9,0,1,468,401,21,108,54,59,6,1,1,4,11,2,1,27,1,7,0,3,696,621,19,145,53
122,20210922,2100,7,7,RCL,15,RCSA,0,1,60,17,4,7,6,8,7,1,13,0,14,1,2,666,589,8,181,53,40,6,1,4,1,15,3,1,13,4,7,0,3,447,372,15,81,27
123,20210922,2100,7,16,FCL,9,OGCN,1,0,36,8,1,2,5,16,6,3,28,1,12,1,2,300,220,17,99,37,64,13,1,9,3,14,5,0,28,0,16,0,4,535,459,18,131,42
124,20210922,2100,7,4,OL,25,ESTAC,3,1,69,15,8,5,2,10,7,5,23,6,7,0,1,648,573,17,136,56,31,12,7,4,1,12,3,1,16,5,9,0,3,280,218,19,64,31
125,20210922,2100,7,10,FCM,2,PSG,1,2,26,6,2,3,1,13,3,4,12,3,12,1,6,238,168,12,55,17,74,15,5,5,5,16,3,1,31,1,12,0,2,717,642,13,176,48
126,20210922,1900,7,1,LOSC,14,SDR,2,1,53,7,4,2,1,15,4,1,19,4,16,0,2,410,324,17,115,42,47,11,5,3,3,16,4,1,23,2,14,0,1,363,292,14,82,33
127,20210922,1900,7,3,ASM,11,ASSE,3,1,66,14,6,6,2,15,6,3,15,2,16,0,1,589,500,24,155,67,34,9,3,5,1,19,3,3,13,3,13,1,1,296,226,21,97,29
128,20210922,1900,7,8,MHSC,12,FCGB,3,3,54,15,6,8,1,9,6,2,25,4,10,0,0,476,401,11,118,60,46,15,7,5,3,13,6,1,20,3,8,0,2,410,324,14,97,51
129,20210922,1900,7,18,FCN,17,SB29,3,1,41,14,6,4,4,15,4,2,22,1,8,0,1,360,264,14,101,48,59,10,2,3,5,11,4,2,32,3,13,0,2,514,422,12,128,41
130,20210922,1900,7,6,SRFC,41,CF63,6,0,55,21,10,6,5,5,5,0,23,1,14,0,2,519,445,20,148,38,45,4,1,2,1,14,7,0,21,4,5,0,1,406,333,9,74,30
131,20210919,2045,6,2,PSG,4,OL,2,1,54,14,5,6,3,21,10,2,9,4,13,0,3,511,465,16,120,67,46,12,5,3,4,15,4,3,15,3,19,0,1,436,380,18,80,38
132,20210919,1700,6,5,OM,6,SRFC,2,0,64,17,6,7,4,17,6,0,19,2,5,0,0,542,476,13,104,64,36,13,2,9,2,6,7,1,21,4,17,0,2,291,225,15,85,39
133,20210919,1500,6,13,SCO,18,FCN,1,4,66,10,5,4,1,16,10,1,23,0,10,0,2,568,491,26,119,54,34,8,4,4,0,11,5,1,30,4,16,0,2,286,206,25,103,44
134,20210919,1500,6,41,CF63,17,SB29,1,1,58,7,4,3,0,20,3,0,20,0,7,1,1,565,490,19,86,35,42,5,1,1,3,7,5,1,10,3,19,0,1,410,343,15,101,45
135,20210919,1500,6,14,SDR,16,FCL,0,0,43,10,2,7,1,15,5,5,29,3,12,0,2,388,315,11,102,54,57,6,3,1,2,18,6,1,14,2,14,0,3,522,443,21,111,31
136,20210919,1500,6,25,ESTAC,8,MHSC,1,1,41,8,3,4,1,12,1,3,19,1,16,0,4,364,289,16,76,28,59,6,2,1,3,19,6,1,28,2,11,1,4,493,419,16,108,54
137,20210919,1300,6,9,OGCN,3,ASM,2,2,49,12,3,7,2,12,5,1,15,1,17,0,2,420,345,9,76,37,51,8,3,1,4,17,2,1,19,1,12,0,3,448,363,17,84,33
138,20210918,2100,6,11,ASSE,12,FCGB,1,2,55,12,5,6,1,12,7,3,29,1,9,0,1,409,312,25,126,65,45,13,3,6,4,10,2,0,22,4,11,0,4,354,251,25,88,41
139,20210918,1700,6,7,RCL,1,LOSC,1,0,47,13,4,6,3,12,4,1,23,2,12,0,2,396,307,8,94,44,53,6,2,1,3,13,3,4,32,3,8,0,2,454,360,8,90,35
140,20210917,2100,6,15,RCSA,10,FCM,3,0,46,10,6,3,1,7,3,1,21,5,16,0,2,368,288,23,73,39,54,15,5,5,5,17,7,1,19,3,8,0,4,438,365,17,137,59
141,20210912,2045,5,4,OL,15,RCSA,3,1,59,14,7,7,0,14,4,0,25,3,8,0,2,569,492,8,110,51,41,12,4,6,2,7,6,3,24,4,11,0,1,374,308,18,96,52
142,20210912,1700,5,18,FCN,9,OGCN,0,2,50,19,7,8,4,24,8,0,30,1,7,0,2,415,335,16,121,70,50,9,3,2,4,8,3,1,20,7,13,0,3,423,348,17,86,25
143,20210912,1500,5,12,FCGB,7,RCL,2,3,55,11,3,4,4,12,2,2,29,2,8,0,3,470,392,8,109,35,45,12,5,3,4,9,7,1,14,1,11,0,2,367,297,13,82,33
144,20210912,1500,5,17,SB29,13,SCO,1,1,49,12,6,4,2,8,5,2,22,1,19,0,2,465,386,19,118,41,51,8,2,5,1,20,3,0,17,5,9,0,2,496,419,22,103,34
145,20210912,1500,5,10,FCM,25,ESTAC,0,2,62,16,2,12,2,15,2,0,24,3,15,0,2,575,507,17,147,40,38,10,5,4,1,15,1,0,29,2,14,0,1,348,264,19,73,19
146,20210912,1500,5,6,SRFC,14,SDR,0,2,63,9,1,7,1,13,4,2,33,1,18,0,1,553,467,12,128,54,37,7,3,1,3,19,6,2,24,1,11,0,2,316,225,16,73,42
147,20210912,1300,5,8,MHSC,11,ASSE,2,0,43,11,4,6,1,18,7,1,19,2,15,0,1,262,180,17,76,43,57,14,2,9,3,16,6,1,28,2,17,0,4,358,286,16,108,43
148,20210911,2100,5,3,ASM,5,OM,0,2,51,7,0,4,3,8,3,4,21,3,17,0,4,493,412,17,148,64,49,13,5,6,2,21,2,1,19,0,8,0,1,461,385,17,75,39
149,20210911,1700,5,2,PSG,41,CF63,4,0,52,13,7,3,3,13,4,1,12,2,13,0,0,577,517,22,104,27,48,14,2,6,6,20,4,1,18,3,9,0,1,529,460,20,86,44
150,20210910,2100,5,16,FCL,1,LOSC,2,1,44,14,7,4,3,12,2,3,22,2,13,0,2,457,389,16,105,32,56,9,3,4,2,21,5,0,16,5,11,0,2,611,541,14,135,39
151,20210829,2045,4,14,SDR,2,PSG,0,2,33,11,4,2,5,13,3,5,15,1,13,0,1,343,282,21,89,38,67,12,3,2,7,18,3,0,21,4,13,0,3,726,645,18,137,54
152,20210829,1700,4,1,LOSC,8,MHSC,2,1,45,15,4,9,2,27,3,3,25,2,15,0,3,348,266,16,102,43,55,6,3,1,2,30,4,0,26,2,19,1,7,427,322,21,115,40
153,20210829,1500,4,13,SCO,6,SRFC,2,0,53,16,4,6,6,12,3,1,8,2,14,0,1,537,490,19,100,67,47,7,2,3,2,14,1,1,17,2,10,1,2,488,433,16,95,46
154,20210829,1500,4,41,CF63,10,FCM,2,2,60,16,4,10,2,15,6,2,24,2,11,0,1,527,431,15,115,60,40,12,4,6,2,12,3,0,18,2,15,0,2,348,255,20,102,31
155,20210829,1500,4,7,RCL,16,FCL,2,2,54,19,9,7,3,10,8,1,22,5,10,0,2,476,386,13,137,47,46,14,7,5,2,10,4,0,22,7,10,0,4,412,325,15,99,27
156,20210829,1500,4,15,RCSA,17,SB29,3,1,49,11,5,2,4,12,1,0,23,4,12,0,1,473,367,17,107,41,51,11,5,5,1,12,9,2,31,2,10,0,1,482,386,13,115,51
157,20210829,1300,4,25,ESTAC,3,ASM,1,2,49,12,3,8,1,15,5,1,22,2,11,0,1,472,371,22,149,51,51,7,4,3,0,12,3,4,24,2,11,0,2,498,380,25,110,38
158,20210828,2100,4,5,OM,11,ASSE,3,1,64,19,5,8,6,25,5,2,20,6,11,0,1,631,570,20,67,22,36,11,7,4,0,21,4,1,21,2,18,0,3,333,284,20,66,28
159,20210828,1700,4,9,OGCN,12,FCGB,4,0,43,11,5,4,2,16,3,2,9,4,18,0,3,402,324,22,89,24,57,13,4,4,5,27,0,1,28,1,11,0,2,520,448,11,129,34
160,20210827,2100,4,18,FCN,4,OL,0,1,36,18,5,9,4,17,6,2,18,4,7,0,2,317,244,16,106,65,64,12,5,5,2,12,6,1,29,5,11,1,2,591,493,20,114,42
161,20210822,1700,3,6,SRFC,18,FCN,1,0,62,14,5,3,6,23,6,2,29,1,13,0,2,523,438,9,120,56,38,4,1,2,1,20,2,1,17,4,13,0,2,310,234,21,83,33
162,20210822,1500,3,12,FCGB,13,SCO,1,1,53,14,5,4,5,8,3,1,33,2,19,0,2,505,444,28,147,58,47,6,3,3,0,28,3,1,16,4,5,0,0,451,390,26,109,26
163,20210822,1500,3,10,FCM,14,SDR,1,1,58,10,4,3,3,20,5,2,10,2,19,1,4,449,377,17,102,21,42,12,3,6,3,33,8,0,28,3,14,1,2,307,220,11,98,54
164,20210822,1500,3,8,MHSC,16,FCL,3,1,57,32,11,12,9,24,5,0,24,4,8,0,0,460,395,23,121,60,43,6,5,1,0,9,1,1,19,8,13,2,6,361,293,13,87,25
165,20210822,1500,3,15,RCSA,25,ESTAC,1,1,60,14,4,6,4,25,6,4,29,5,16,0,3,564,474,15,152,84,40,10,6,2,2,23,3,2,12,3,17,0,1,384,284,15,65,22
166,20210822,1300,3,4,OL,41,CF63,3,3,55,21,9,10,2,7,5,0,16,3,10,0,2,543,469,25,135,58,45,17,5,7,5,13,8,0,16,6,6,0,2,436,364,21,86,45
167,20210821,2100,3,11,ASSE,1,LOSC,1,1,47,10,2,6,2,12,5,1,31,5,14,0,1,419,334,15,112,44,53,8,6,1,1,18,3,1,34,1,10,0,3,471,361,24,117,56
168,20210821,1700,3,3,ASM,7,RCL,0,2,71,9,2,6,1,20,13,2,24,0,11,1,1,583,502,23,148,56,29,4,2,2,0,15,3,0,15,2,14,1,1,236,170,13,73,23
169,20210820,2100,3,17,SB29,2,PSG,2,4,26,11,3,5,3,10,3,2,11,4,8,0,1,275,219,17,73,32,74,16,8,4,4,16,9,1,20,1,7,0,2,819,759,16,148,58
170,20210815,2045,2,5,OM,12,FCGB,2,2,67,10,2,5,3,20,3,1,15,0,6,1,2,699,641,13,133,45,33,8,2,5,1,11,4,1,24,0,11,0,2,326,267,15,74,28
171,20210815,1700,2,7,RCL,11,ASSE,2,2,58,22,7,11,4,23,7,1,22,5,10,0,1,482,395,25,136,53,42,12,7,4,1,15,2,0,26,5,17,0,6,357,253,20,111,20
172,20210815,1500,2,17,SB29,6,SRFC,1,1,40,10,5,4,1,22,6,0,27,1,7,0,2,342,258,22,96,39,60,6,2,3,1,11,11,2,20,4,16,0,3,520,447,11,96,59
173,20210815,1500,2,41,CF63,25,ESTAC,2,0,64,18,8,7,3,20,9,2,16,1,6,0,1,631,587,9,143,61,36,6,1,4,1,8,2,0,12,6,11,1,3,356,303,20,51,20
174,20210815,1500,2,18,FCN,10,FCM,2,0,35,11,7,1,3,13,6,2,26,5,18,0,2,300,205,17,108,46,65,10,5,3,2,31,6,0,27,5,11,0,0,572,464,23,136,37
175,20210815,1500,2,14,SDR,8,MHSC,3,3,57,19,9,8,2,17,8,0,24,2,11,0,2,465,387,12,109,69,43,15,5,4,6,21,7,1,28,6,12,0,1,348,267,14,101,39
176,20210815,1300,2,13,SCO,4,OL,3,0,43,13,6,6,1,25,6,1,17,3,11,0,1,366,300,27,96,53,57,8,3,3,2,16,4,0,14,3,17,1,5,508,436,28,125,31
177,20210814,2100,2,2,PSG,15,RCSA,4,2,65,11,6,3,2,28,4,1,21,0,6,0,1,697,642,10,126,60,35,8,2,4,2,9,4,2,12,2,18,1,4,364,309,16,64,28
178,20210814,1700,2,1,LOSC,9,OGCN,0,4,62,11,2,7,2,21,8,1,31,3,9,0,3,585,500,13,128,55,38,11,7,1,3,13,7,1,17,2,13,0,1,359,276,22,75,24
179,20210813,2100,2,16,FCL,3,ASM,1,0,28,2,2,0,0,16,0,0,23,3,17,0,3,253,151,23,59,16,72,12,3,5,4,26,6,1,31,1,15,0,2,636,533,29,193,88
180,20210808,2045,1,8,MHSC,5,OM,2,3,40,8,1,5,2,9,6,1,14,4,10,0,0,351,271,19,72,36,60,21,7,8,6,18,11,1,16,0,5,0,1,531,466,11,133,69
181,20210808,1700,1,10,FCM,1,LOSC,3,3,38,12,5,3,4,14,4,0,22,4,9,1,1,336,241,16,101,34,62,18,7,7,4,12,5,2,28,2,10,0,2,539,439,21,123,44
182,20210808,1500,1,12,FCGB,41,CF63,0,2,44,10,6,3,1,13,5,0,19,8,13,0,1,439,366,19,103,38,56,19,10,4,5,16,10,2,23,6,9,0,0,552,475,18,119,37
183,20210808,1500,1,9,OGCN,14,SDR,0,0,61,12,2,6,4,14,4,0,18,0,10,0,1,554,476,21,147,59,39,5,0,2,3,12,2,0,18,2,8,0,1,345,263,18,80,28
184,20210808,1500,1,11,ASSE,16,FCL,1,1,62,20,3,11,6,19,8,0,20,2,10,0,2,547,467,22,139,56,38,12,3,7,2,13,4,1,16,2,14,0,3,343,252,24,114,43
185,20210808,1500,1,15,RCSA,13,SCO,0,2,57,7,1,4,2,26,5,3,32,0,18,0,2,512,415,27,125,58,43,9,2,5,2,29,4,2,20,1,18,0,3,394,307,18,114,27
186,20210808,1300,1,6,SRFC,7,RCL,1,1,60,10,2,3,5,21,3,0,17,5,10,0,0,527,472,14,104,48,40,11,6,4,1,12,9,0,20,1,14,0,2,345,289,18,82,32
187,20210807,2100,1,25,ESTAC,2,PSG,1,2,43,15,7,4,4,20,9,1,23,1,3,0,1,443,379,17,71,34,57,12,3,6,3,7,1,1,12,6,15,0,4,605,560,10,140,74
188,20210807,1700,1,4,OL,17,SB29,1,1,69,17,4,9,4,20,9,1,25,7,10,0,1,680,602,16,153,53,31,13,8,4,1,15,4,1,26,3,12,0,1,297,226,16,71,36
189,20210806,2100,1,3,ASM,18,FCN,1,1,75,15,3,9,3,25,5,1,35,0,6,0,0,739,651,19,174,78,25,5,1,3,1,11,2,0,22,2,14,0,0,247,151,18,78,19
